SMILES,dataset
COCC1CN(C1)c1n[nH]c2cc(NC(=O)N[C@H](C)c3ccccc3)ncc12,crossdocked
CC(C)(C)OC(=O)CN1Cc2ccc(cc2C1=O)-c1nc(NC2CCOCC2)ncc1Cl,crossdocked
C=CCN1C(=O)/C(=C2\SC(=S)N(Cc3ccco3)C2=O)c2cc(Br)ccc21,zink
CCN(CC)C(=O)[C@H]1CC[C@H]2[C@@H]3CC[C@H]4N(C)C(=O)[C@@H]5O[C@@H]5[C@]4(C)[C@H]3CC[C@]12C,chembl
CC1=C(C(=O)Nc2ccccc2)[C@@H](c2cc(CSc3nnnn3C)cs2)C2=C(CCCC2=O)N1,zink
COc1ccc(NC2CCCN(C(=O)c3ccc(C)c(N4CCNC4=O)c3)C2)cc1,chembl
CC(=O)N1CCN(CC1)c1ccc2ncn(CC(=O)NCc3ccc(C#N)c(F)c3)c(=O)c2c1,crossdocked
CC(C)(C)c1ccc2oc(N3CCCN(C(=O)CC4CCCC4)CC3)nc2c1,chembl
CCOC(=O)C1=C(C)NC2=C(C(=O)[C@H](C(=O)OCC)[C@@H](c3ccccc3)C2)[C@@H]1c1ccccc1OC,zink
COC(=O)C1=C(C)NC2=C(C(=O)C[C@H](c3ccc(N(C)C)cc3)C2)[C@H]1c1cccc([N+](=O)[O-])c1,zink
COc1ncc(cc1C1(F)COC1)-c1cc(NC(=O)c2cc(ccn2)C(F)(F)F)cnc1C,crossdocked
C=CCc1cc(/C=C2\C(=N)N3N=C(COc4cccc(C)c4)SC3=NC2=O)cc(OC)c1O,zink
C=CCN1C(=O)[C@@]2(c3ccccc31)c1c(oc3ccccc3c1=O)C(=O)N2Cc1ccc(OC)cc1,zink
COc1ccccc1N1CCN(CC1)c1ncnc2n(ncc12)-c1ccccc1F,crossdocked
O=C(C1=C(O)C(=O)N(CCCn2ccnc2)[C@H]1c1ccccc1[N+](=O)[O-])c1ccc(Cl)cc1,zink
O=C(N1CCC(CC1)c1ncc[nH]1)c1ccc(cc1)-c1ccccc1,crossdocked
COc1ccc(-c2ccc(C(N)=O)nc2)cc1OCCc1ccccc1,chembl
O=C(c1cnccn1)N1CC[C@H](c2nc(C3CC3)no2)C1,chembl
O=C(CSc1nnc(-c2ccco2)[nH]1)NCCc1ccc2c(c1)OCO2,chembl
CCOC(=O)c1sc(N2C(=O)C(O)=C(C(=O)c3ccco3)[C@H]2c2ccc(OC)cc2)nc1C,zink
FC(F)(F)Oc1cccc(-n2nnc3ccc(NCC4CCN(CC5CC5)CC4)nc32)c1,chembl
C[N+]1(CCc2ccccc2)CCC(C1)N1CC(NC1=O)(c1ccccc1)c1ccccc1,crossdocked
CCNC(C)CN1CCc2c(c(=O)oc3ccccc23)C1,chembl
Cc1cc(C)n(NC(=O)c2cccc(COc3ccc(Br)cc3)c2)c(=O)c1C#N,zink
O=C1C=CC(=O)N1c1ccc(Cl)cc1,chembl
O=C(NCCN1CCCC1)c1ccc2c(c1)N(Cc1ccccc1)C(=O)c1ccccc1S2(=O)=O,chembl
COc1cccc(c1)[C@@H](C)NC(=O)c1ccc(-c2cn[nH]c2)c(OC)c1F,crossdocked
CC(C)(O)C(Br)COc1c2c(cc3oc(=O)ccc13)OCO2,chembl
O=C(NCCO)c1ccc2nc(-c3ccco3)c(-c3ccco3)nc2c1,chembl
CCC[C@@H](NC(=O)c1nccs1)c1cnc(Nc2cnc(C)s2)c(Cl)c1,crossdocked
O=C1[C@@H]2[C@H]3C=C[C@@H](CC3)[C@H]2C(=O)N1/N=C/c1ccc(-c2ccc([N+](=O)[O-])cc2Br)o1,zink
CCN(CC)C(=O)c1sc(NC(=O)c2ccccc2I)c(C#N)c1C,zink
COC(=O)C(NCc1nnnn1C1CC1)C(C)(C)C,chembl
O=S(=O)(NCCCCN1CCc2ccccc2C1)c1cnc2ccccc2c1,chembl
c1ccc(CCc2nnc(-c3ccc4c(c3)OCCO4)o2)cc1,chembl
C=CCn1nc(C(=O)N2CCCCCC2)c2c1CC[C@H](NC1CCN(Cc3ccccc3)CC1)C2,zink
COc1ccc(CC2c3c(C)cccc3CCN2C)cc1OC.Cl,chembl
C=C(Cl)CSc1nnc([C@@H](Cc2ccccc2)NC(=O)c2c(OC)cccc2OC)n1C,zink
N#Cc1ccc(S(=O)(=O)NC(=O)c2ccc(Oc3ccc(F)cc3)s2)cc1Br,zink
COc1cc(OC)c(Nc2nc3ccccc3c3nncn23)cc1Cl,chembl
OC(=O)c1ccccc1NC(=O)CCc1noc-2c1CCc1cc(O)ccc-21,crossdocked
C=CCOc1c(OC)cccc1[C@@H]1CC(=O)Nc2c1c(C)nn2-c1ccc(N2CCCCC2)nn1,zink
CCOc1n[nH]c2cc(NC(=O)N[C@H](COC)c3ccccn3)ncc12,crossdocked
CCOC(=O)C1=C(C)NC2=C(C(=O)[C@H](C(=O)OCC)[C@@H](c3ccccc3)C2)[C@H]1c1ccccc1,zink
Fc1cccc(NS(=O)(=O)c2cc(Cl)c(N[C@H]3CCCC[C@@H]3N3CCCC3)cc2F)n1,crossdocked
C\C(CNCCC(O)=O)=C/c1ccc(OCCCCc2ccccc2)cc1,crossdocked
CCCOc1ccc([C@@H]2C(C(=O)O[C@H](C)CC)=C(C)NC3=C2C(=O)[C@H](C(=O)OC)[C@@H](C)C3)cc1,zink
NC(=O)c1nn(CC(=O)N2[C@@H]3C[C@@H]3C[C@H]2C(=O)Nc2ccn(n2)C(F)(F)F)c2ccccc12,crossdocked
O=C(CSCc1ccc(Cl)cc1)Nc1ccc(S(=O)(=O)N2CCCCCC2)cc1,chembl
O=C(Nc1nnc(CCN2CCOCC2)s1)c1ccccc1,chembl
C[C@@H](Cc1ccc2ccccc2c1)NC[C@H](O)c1cc(O)cc(O)c1,crossdocked
COC(=O)[C@@H]1[C@H]2CC[C@@H](C[C@H]1c1ccc(C)c(F)c1)N2,chembl
COCCOC(=O)C1=C(C)NC2=C(C(=O)C[C@H](c3ccc(OC)cc3)C2)[C@@H]1c1cccc(OC)c1,zink
O=C(O)C(O)COc1nsnc1N1CCOCC1,chembl
CN(C)C1(CNCCC2CCCCCC2)COc2ccccc2OC1,crossdocked
NC(=O)Nc1nc2cc(-c3cncc(F)c3)cc(-c3ncccn3)c2[nH]1,chembl
Cc1cc(=O)oc2cc(OCCN(C(C)C)C(C)C)ccc12,chembl
COC(=O)c1ccc(CNC(=O)CCNC(=O)c2ccco2)cc1,chembl
COC(=O)C1=C(C)NC2=C(C(=O)C[C@@H](c3cccs3)C2)[C@@H]1c1cc(OC)c(OC)c(OC)c1,zink
CC(=O)Oc1cccc(C23CCC(C2)N(CCc2ccccc2)CC3)c1,chembl
Cc1nc(N)ccc1-c1ccc(c(c1-c1nn[nH]n1)S(N)(=O)=O)C(F)(F)F,crossdocked
CNS(=O)(=O)c1cccc(Nc2cc(Nc3cccc(C)c3)ncn2)c1,crossdocked
Cc1ccc(NC(=O)c2cnn(-c3ccccc3)c2C)c(C)c1,chembl
Oc1ccc(cc1)-c1coc2cc(O)cc(O)c2c1=O,crossdocked
COc1ccc(CC(O)=O)cc1-c1ccc(F)c2CN(Cc12)C(=O)C1CC1c1ccccc1,crossdocked
CN1C2COCC1CC(C2)NC(=O)c1nn(-c2cncs2)c2ccccc12,crossdocked
Cc1ccc(nc1)[C@H]1C[C@@H]1COc1nc(C)ncc1-c1cn(C)c(=O)cn1,crossdocked
Cc1cc(NC(=O)COC(=O)C(Cc2ccccc2)NC(=O)c2ccco2)no1,chembl
C[C@H](NCc1ccc(OCc2ccccc2F)cc1)C(N)=O,chembl
Cc1cc(NC(=O)[C@H](OC(=O)[C@H](/N=C(/O)c2ccccc2)c2ccccc2)c2ccccc2)no1,zink
Cc1cc2n(cc(-c3cncc(N)c3Cl)c2cc1C#N)[C@H]1CC[C@@H](C1)NS(C)(=O)=O,crossdocked
C[C@@H](NC(=O)c1cc(O[C@H]2CCOC2)cc(c1)-c1ncc(C)s1)c1cnc(Cl)cn1,crossdocked
CCOC(=O)c1nnn([C@@H]2O[C@H](CO)[C@H]3OC(C)(C)O[C@H]32)c1I,chembl
C=CCn1c(SCC(=O)Nc2ccccc2)nnc1[C@H](C)NC(=O)c1cccc(Cl)c1,zink
COC(=O)[C@@H]1C(=O)C2=C(C[C@H]1C)NC(C)=C(C(=O)OC1CCCCC1)[C@H]2c1ccccc1C,zink
CN(C)C1CC(Nc2ccc(cc12)[N+]([O-])=O)C(C)(C)CO,crossdocked
Cc1ccccc1CS(=O)(=O)N1CCC(C(=O)N2CCN(c3cccc(C)c3C)CC2)CC1,chembl
C=CC/N=c1\scc(-c2ccc3c(c2)OCCO3)n1NC(=O)c1cccc(Br)c1,zink
COc1ccc(N2CC[C@@]34C=C[C@H](O)C[C@@H]3Oc3c(OC)ccc(c34)C2)cc1,chembl
CCCOc1ccc2CC3N(CCc4cc(OC)c(O)cc34)Cc2c1OC,crossdocked
COC(=O)c1ccccc1SSc1nc[nH]n1,chembl
CSCc1nc(CSC)nc(CSC)n1,crossdocked
Cc1noc(n1)-c1cc2cc(C)ccc2nc1N1CCC(CC1)NC1CC2CCC1C2,crossdocked
CCCC(=O)O[C@@H]1C[C@]2(C)C(C(=O)COC(C)=O)=CC[C@@H]2[C@H]2CCC3=CC(=O)C=C[C@]3(C)[C@@]12F,zink
CCN(CC)c1cc(NCc2cccs2)nc(-c2ccc(S(C)(=O)=O)cc2)n1,chembl
C=CCn1c(CC(=O)Nc2ccc(OCC)cc2)nnc1SCC(=O)Nc1ccccc1C,zink
CC#CCN1C(=O)N[C@@](CCc2ccccc2)(C2CCN(C[C@@H](C)c3ccccc3)CC2)C1=O,zink
COc1cc(F)c2nc(C)c3c(C)nc(-c4cccnc4C)n3c2c1,crossdocked
CC1(c2cccc(Br)c2)OC(C(=O)O)=CC1=O,chembl
C=CCOc1ccc(/C=C2\SC(=S)N(c3c(C)n(C)n(-c4ccccc4)c3=O)C2=O)cc1,zink
COc1ccc2[C@@H](CN3CCC[C@H]3c2c1)c1ccccc1,crossdocked
CCOc1cccc(-c2nc3ccccc3s2)c1O,chembl
CN1C(=N)N[C@]2(CO[C@H](C[C@H]2C1=O)C1CC1)c1cc(Oc2cnccn2)ccc1F,crossdocked
COc1cccc(-c2ccc(-c3cccc4c3OS(=O)(=O)NC4C)cc2)c1,chembl
CC1=C(C(=O)OCCOC(C)C)[C@H](c2cc3c(cc2Br)OCO3)C2=C(CCCC2=O)N1,zink
O=C(c1cccc(COc2ccc(C(F)(F)F)cc2Cl)c1)N1CCCC(O)C1,chembl
O=C(O)C[C@H]1S/C(=N/N=C/c2c(OCc3ccccc3Cl)ccc3ccccc23)NC1=O,zink
O=C(O[C@H]1CCN2C[C@H]3C[C@H](CN4C(=O)CCC[C@H]34)[C@@H]2C1)c1ccc(O)cc1,chembl
N#Cc1cccc(-c2ccc3ncnc(N4CCNCC4)c3c2)c1,chembl
CCN(CC1CCOCC1)C(=O)Nc1cc(-n2cnnn2)cc(C)c1C,chembl
NC1=NC2(CCO1)c1cc(NC(=O)c3ccc(Cl)cn3)ccc1Oc1ncc(cc21)C1CC1,crossdocked
C[C@@H]([C@@H](O)c1ccc(O)cc1)N1CCC(Cc2ccccc2)CC1,crossdocked
COC(=O)[C@@H]1C(=O)C2=C(C[C@@H]1C)NC(C)=C(C(=O)OCc1ccccc1)[C@H]2c1ccccc1F,zink
CC[C@H](C)[C@H](NC(=O)CO/N=C1/C=C2CC[C@@H]3[C@@H]4CC[C@H](O)[C@@]4(C)CC[C@H]3[C@@]2(C)CC1)C(=O)O,zink
COc1ccc(/C=C/C(=O)c2cc(Br)ccc2OC(=O)N2CCOCC2)cc1OC,zink
CCOC(=O)c1sc(N2C(=O)C(O)=C(C(=O)c3ccccc3)[C@H]2c2ccc(OC)cc2)nc1C,zink
CCc1ccc(NC(=O)c2cncc(C)c2)cc1CN1CCC(CC1)C(=O)NC(C)(C)C,crossdocked
COC(=O)C1=C(C)NC2=C(C(=O)C[C@H](c3ccc(OC)c(OC)c3)C2)[C@H]1c1ccc(OC)c(OC)c1,zink
COc1ccccc1CNC(=O)C(=O)NCCC1CCCCN1S(=O)(=O)c1ccccc1,chembl
CC1=C/C(=C(/c2ccc(O)c(C)c2)c2ccccc2C(=O)O)C=CC1=O,chembl
CCOc1cc([C@H]2C(C(=O)OC)=C(C)NC3=C2C(=O)CC(C)(C)C3)cc(Br)c1O,zink
OCC1CCN(Cc2nc(Cc3ccccc3Cl)no2)CC1,chembl
CS(=O)(=O)Nc1ccc2nc([nH]c2c1)C(=O)N1CCC(Cc2ccccc2)CC1,crossdocked
Cc1cccc(C(=O)Oc2ccc(Br)cc2/C=N/NS(=O)(=O)c2ccccc2)c1,zink
COC(C(C)C)[C@H]1CC[C@@H](CC1)C(=O)N1Cc2cccnc2Nc2ccc(cc12)N1CCOCC1,crossdocked
CNC(=O)Nc1ccc(-c2nc(CS(=O)(=O)c3ccncc3)cc(N3CCOC[C@@H]3C)n2)cc1,chembl
CC(C)C[C@H](NC(=O)CON=C1C=C2CC[C@@H]3[C@@H]4CC[C@H](O)[C@@]4(C)CC[C@@H]3[C@@]2(C)CC1)C(=O)O,zink
O=C1CC(c2nc(-c3ccc(F)cc3F)no2)CCCN1c1ccc(F)cc1,chembl
CCCOCCOC(=O)C1=C(C)NC2=C(C(=O)[C@H](C(=O)OC)[C@@H](C)C2)[C@@H]1c1ccccc1OC(C)C,zink
COc1ccc2c(=O)cc(-c3ccc(N4CCC(F)CC4)cc3)[nH]c2c1,chembl
COc1cccc2cc(C(=O)C3=C(O)C(=O)N(CCCn4ccnc4)[C@@H]3c3ccc(F)cc3)oc12,zink
CNC[C@@H](Cc1ccc(C)s1)c1ccc2ccccc2c1,crossdocked
COC(=O)\C=C1\CN2C3CCC2C1C(C3)c1ccc(C)cc1,crossdocked
COC(=O)c1ccccc1C(=O)N1C[C@@H](CC[C@H]1C)Oc1nccn2ccnc12,crossdocked
COc1cccc(Nc2c(-c3nnc(C)o3)cnc3ccc(S(C)(=O)=O)cc23)c1,chembl
[NH3+][C@H]1CN(CC[C@@H]1c1cc(F)c(F)cc1F)c1ccc2ncnc(C3CC3)c2n1,crossdocked
CCCOc1ccc(S(=O)(=O)N2CCN(C)CC2)cc1-c1nc(CC)c(NC(C)=O)c(=O)[nH]1,chembl
NC(=O)C[S+]([O-])C(c1ccc(C(F)(F)F)cc1)c1ccc(C(F)(F)F)cc1,chembl
CCCN(C/C=C/I)C1COc2c(O)cccc2C1,chembl
Cc1nc2cc(Cl)ccc2nc1C#Cc1nc(nn1C)N1CCCC1,crossdocked
C[C@@H]1CC[C@H](CN1C(=O)c1c(C)nsc1-c1ccccc1)Oc1nccc(C#N)c1C,crossdocked
CC(C)(N1CCN(CC1)c1ccc(cn1)C(F)(F)F)C(=O)NC12CCC(CC1)(CC2)C(N)=O,crossdocked
Cc1n[nH]c2c1C(c1c[nH]nc1-c1ccc(F)cc1)C(C#N)=C(N)O2,chembl
Cc1ccc(nc1)C1C[C@@H]1COc1nc(C)ncc1-c1ccc(F)c(F)c1,crossdocked
COc1cc(CO)c(cc1Cl)-c1cn2cc(CCCCN)c(cc2n1)N1CCOCC1,crossdocked
CN(C)Cc1c[nH]c2cccc(O)c12,crossdocked
COC(=O)C1=C(C)NC2=C(C(=O)C[C@@H](c3ccc(OC)cc3)C2)[C@@H]1c1cc(OC)ccc1OC,zink
O=C(O)CCCCCN1C(=O)C(O)=C(C(=O)/C=C/c2ccccc2)[C@@H]1c1ccc([N+](=O)[O-])cc1,zink
CC(C)(C)CCN1CCN(c2snc(Cl)c2C#N)CC1,chembl
COc1ccccc1N1CCN(c2c(F)cc3c(=O)c(C(=O)O)cn(C4CC4)c3c2C(F)F)CC1,chembl
CN(C1C[C@@H]2CCN(C[C@@H]2C1)C(=O)CO)c1ncnc2[nH]ccc12,crossdocked
Cn1c(N2CCCC2)nc2c(CN3CCN(c4ccc(F)cc4)CC3)c[nH]c2c1=O,chembl
COc1cnc(cn1)C(=O)Nc1ccc(F)c(c1)[C@@]1(C)N=C(N)CO[C@H]1F,crossdocked
N#Cc1c(N(S(=O)(=O)c2ccccc2)S(=O)(=O)c2ccccc2)sc2c1CCCC2,zink
CCN1CCC(CNc2ccc3ncc(-c4cccc(OC(F)(F)F)c4)n3n2)CC1,crossdocked
CN(C)CCN1CC2(CCCN(c3ncc(Cl)cc3F)C2)CCC1=O,chembl
COc1ccc([C@H]2C(C(=O)c3ccc(F)cc3)=C(O)C(=O)N2CCCCCC(=O)O)c(OC)c1,zink
Cc1ccc(N2CCC([C@H](C)N3CCN(C)CC3)CC2)nn1,chembl
CCOC(=O)C1=C(Nc2ccc([N+](=O)[O-])cc2)S/C(=C\c2ccc(OC)c(OC)c2)C1=O,zink
C=C(C)C1Cc2oc(cc2C(=O)OC)C(C(=C)C)[C@@H]2OC(=O)C(=CC1O)[C@H]2N(C)C,chembl
C=CC(=O)N1C2CC1CN(c1ccc(C(N)=O)c(Oc3ccc(Oc4ccccc4)cc3)n1)C2,chembl
CCOC(=O)C1=C(C)NC2=C(C(=O)[C@H](C(=O)OCC)[C@H](c3ccc(OC)cc3)C2)[C@H]1c1cccs1,zink
CC[C@H](C)OC(=O)C1=C(C)NC2=C(C(=O)[C@H](C(=O)OC)[C@H](C)C2)[C@H]1c1cc(Cl)c(O)c(OC)c1,zink
O=C(CO/N=C/c1cc2c(cc1Br)OCO2)Nc1ccc(OC(F)(F)Cl)cc1,zink
CC(C)n1ncc2c(C(=O)NC[C@@H](C)c3noc(-c4ccc(C#N)s4)n3)cc(C3CC3)nc21,zink
N#Cc1ccc(NC=O)cc1,chembl
Cc1cc(C)nc(N/C(=N/C(=O)Nc2ccc(Cl)c(Cl)c2)NCCCN2CCCC2=O)n1,zink
COC(=O)C1=C(N)N(c2ccc(F)cc2)C2=C(C(=O)CC(C)(C)C2)[C@H]1c1ccc2c(c1)OCO2,zink
COc1ccccc1N1CCN(CC(O)CCNC(=O)c2cnc3ccc(F)cc3c2)CC1,crossdocked
COc1cc(F)ccc1N1CCOc2cc(ccc12)S(=O)(=O)Nc1nccs1,crossdocked
C=CCn1c(CCNC(=O)c2ccccc2C)nnc1SCC(=O)c1ccc(Cl)cc1,zink
CNc1cc(Nc2cccn(C3=NC(C)(C)CS3)c2=O)nc2c(cnn12)C(=O)N[C@@H]1C[C@@H]1F,crossdocked
OCCCCn1c(Cn2ncc3ccncc32)nc2ccccc21,chembl
CC1=C(C(=O)OCCOC(C)C)[C@H](c2coc3ccc(C)cc3c2=O)C2=C(CCCC2=O)N1,zink
COc1ccc(-c2cn(C(C)=O)c(=O)n2-c2cc(OC)c(OC)c(OC)c2)cc1,chembl
COc1cccc(/C=N/N=C2\NC(=O)[C@@H](CC(=O)Nc3ccccc3)S2)c1OCc1ccccc1,zink
Fc1ccc(cc1)C1Nc2cccc3c2c(n[nH]c3=O)C1c1nccs1,crossdocked
NC(=O)c1cn(nc1Nc1ccc(F)cc1)C1(CC#N)CCN(CC1)C(=O)OCC1CC1,crossdocked
COc1cc(O[C@H]2CCN(C)C2)ccc1-c1cc(Nc2cnc(cn2)C#N)n[nH]1,crossdocked
COc1ccc(-c2cn(C)c3ncnc(N)c23)cc1,chembl
C=C(C)Cn1c(=O)c2c(nc3n2CCN3c2cccc(Cl)c2C)n(C)c1=O,chembl
CCC1CN(N=C1)C(NS(=O)(=O)c1cccc(Cl)c1)=NC,crossdocked
COc1ccc2c(c1)[C@H]1[C@H](CO2)[C@H](c2ccccc2)[C@]2(C)C(=O)N(Cc3ccc(C)cc3)CC(=O)N12,chembl
COCCOC(=O)C1=C(C)NC2=C(C(=O)C[C@@H](c3ccccc3OC)C2)[C@@H]1c1ccc([N+](=O)[O-])cc1,zink
O=C(OC1CCCCCCC1)[C@H]1Cc2c(CN1)sc1ccccc21,crossdocked
O=C(NC1CCNCC1O)c1cccc(-c2cnn(Cc3ccccc3)c2)c1,chembl
C=C1[C@H]2CC[C@](C)([C@@H]3COc4c(CO)c5c(c(OC)c4[C@@H]3O)C(=O)O[C@@H]5OC)[C@H]1CCC2(C)C,zink
CSc1nc2[nH]c(=O)c(C)nc2c(=O)[nH]1,chembl
O=C1CC(Cc2ccccc2)(CN1)c1cccc(OCCNS(=O)(=O)CC2CC2)c1,crossdocked
Fc1ccc(Cn2c(nc3ccccc23)[C@H]2CNCCS2)cc1,crossdocked
Nc1nc(O)c2c(n1)CCC(CNc1ccc(C(=O)O)cc1)C2,chembl
C=CCO[C@H]1[C@@H](O)[C@@H](OCC=C)[C@@H](OCC=C)[C@@H](OCc2ccccc2)[C@H]1OCc1ccccc1,zink
Clc1ccc(cc1)-c1cncc(n1)C(=O)NCc1cccnc1N1CCCC1,crossdocked
C=CCNC(=O)[C@H]1CC(=O)N(c2ccc(OCC(=O)Nc3ccc(Cl)c(C(F)(F)F)c3)cc2)C1,zink
COc1cscc1C(=O)N1CCC(F)(CNCc2ccc(C)cn2)CC1,crossdocked
CCOc1c(cc(Cl)c(F)c1[C@H]1CNC(=O)C1)[C@@H](C)n1nc(C)c2c(N)ncnc12,crossdocked
CN(C)[C@@H](Cc1c(C)cc(O)cc1C)C(=O)N1Cc2ccccc2C[C@H]1C(N)=O,crossdocked
COC(=O)[C@]12C[C@H]1[C@](C)(N=C(N)S2)c1cc(\C=C(/F)c2ccc(Cl)cn2)ccc1F,crossdocked
CCCOc1ccc(C(=O)C2=C(O)C(=O)N(c3cc(C)on3)[C@H]2c2cccc([N+](=O)[O-])c2)cc1,zink
COc1ccccc1C(=O)NCCSCc1ccc(C)cc1,chembl
CCc1ccc(NC(=O)C2CC(=O)Nc3cc(F)ccc32)cc1,chembl
Cc1ccnc(NS(=O)(=O)c2ccc(NC(=O)C3CCCCC3C(=O)O)cc2)n1,chembl
O=C(NC1CCCCC1)c1n[nH]c2ccc(cc12)-c1cncnc1,crossdocked
COCCN(Cc1ccc(C#N)cc1)C(=O)[C@H]1CC(=O)N(C)[C@@H]1c1ccc(Cl)c(Cl)c1,zink
Cc1ccc(S(=O)(=O)OC[C@@]23[C@H]4[C@@H]5CCC[C@@H]5[C@H]5[C@H]4[C@H]4[C@H]6[C@@H]7[C@H](CC[C@@H]7[C@]2(O)[C@]65C)[C@H]43)cc1,zink
CC(C)NC[C@@H](C(=O)N1CCN(c2ncnc3c2[C@H](C)CC(=O)N3)C[C@H]1C)c1ccc(Cl)cc1,chembl
O=S1(=O)CCC(n2nccc2-c2ccccc2)C1,chembl
CC(C)[C@H](CC(N)=O)NC(=O)c1cnc(N2CC(F)(F)C2)c(OCC2CC2)n1,crossdocked
C[C@H]1CCc2c(sc(NC(=O)c3cccc(S(=O)(=O)Nc4cccc(C(=O)O)c4)c3)c2C#N)C1,zink
C#C[C@@]1(O)CC[C@@H]2[C@@H]3CCC4=C/C(=N/OCC(=O)N[C@H](C(=O)O)[C@H](C)CC)CC[C@]4(C)[C@H]3CC[C@@]21C,zink
COc1cc(cn2ncnc12)-c1[nH]c2ccc(CCC3CNC3)nc2c1C(C)C,crossdocked
OC(=O)CC[C@H]1CCc2cc(ccc2O1)-c1nc(OC2CCC2)ccc1F,crossdocked
CO[C@H](c1ccccc1)[C@H](O)[C@H]1CC=CC(=O)O1,chembl
CC1CCN(CCCOc2ccc(=O)n(n2)-c2ccc(Cl)cc2Cl)CC1,crossdocked
CCCn1c(=O)c2[nH]c(Cc3ccccc3)nc2n(CC[S+]([O-])CC)c1=O,chembl
OC1CCN(CC1)[C@H]1CC[C@@H](CC1)c1ccc(OCCCN2CCCCC2)cc1,crossdocked
NC(=O)c1c2NCC3CN(CCC3n2nc1-c1ccc(Oc2ccccc2)cc1)C(=O)C=C,crossdocked
C#Cc1ccc(C[C@@H]2NC(=O)N(c3ccc(OC)c(OCc4ccc5ccccc5n4)c3)C2=O)cc1,zink
Nc1ncc(cn1)-c1ccc(cc1)C1(CCC1)c1noc(n1)-c1ccccc1,crossdocked
O=c1c2ccsc2n(Cc2ccccc2)c(=O)n1O,chembl
C[C@H]1COc2cc(cnc2N1)C(=O)N1CCC(C1)c1ccncc1,crossdocked
COc1cc(OC)cc([C@@H]2c3cc4c(cc3N[C@@H]3COC(=O)N23)OCO4)c1,chembl
C(NCc1cccnc1)c1ccc(cc1)C1COc2ccccc2O1,crossdocked
CC1=CC=CN2N=C(CCc3nc(cn3C)-c3cccs3)NC12,crossdocked
COC(=O)[C@@H]1C(=O)C2=C(C[C@H]1C)NC(C)=C(C(=O)OC1CCCCC1)[C@H]2c1ccc(C)cc1,zink
C[C@]12CC[C@@H]3[C@H](CCC4=CC(=NOCC(=O)NCc5ccccn5)CC[C@@]43C)[C@H]1CC[C@H]2O,zink
C=CCn1c(SCC(=O)NCCc2ccccc2)nc2sc3c(c2c1=O)CC[C@H](C)C3,zink
CC(C)(C)COc1ccc2Oc3ccc(cc3[C@@]3(COC(N)=N3)c2c1)-c1cncc(c1)C#N,crossdocked
CC1(C)CCCC(=O)N1c1ccc(Nc2cc(nc3CNC(=O)c23)-c2c(F)cccc2F)nc1,crossdocked
O=C1[C@H]2[C@H]3C=C[C@@H](C3)[C@H]2C(=O)N1/N=C/c1ccc(OCc2ccc(Br)cc2)cc1,zink
CC[C@H](C)OC(=O)C1=C(C)NC2=C(C(=O)[C@H](C(=O)OC)[C@@H](C)C2)[C@H]1c1ccc(Cl)c([N+](=O)[O-])c1,zink
C=C(Cl)COc1nc2cc(F)ccc2cc1CNC[C@H](c1cccnc1)N1CCOCC1,zink
Cc1cc(C(=O)C2=C(O)C(=O)N(CCN(C)C)[C@@H]2c2ccc(F)cc2)ccc1OCC(C)C,zink
Cc1ccc(Nc2nc(C(=O)N3CCC(C(=O)NCc4ccccc4)CC3)cs2)cc1,chembl
CCCc1ccccc1OCCNC(C)=O,chembl
CC[C@@H]1[C@H](C)C[C@H]2[C@@H]3C[C@@H]4C=CC(=O)C5=C(O)[C@@H](CCCNC(=O)C=CC[C@H]4[C@H]3C=C[C@@H]21)NC5=O,zink
CCn1nc2c(cc1=O)CN(CCOc1ccccc1C#N)CC2,chembl
CCOC(=O)[C@H]1C(=O)C=C(c2ccccc2NS(C)(=O)=O)C[C@H]1c1ccc(Cl)c(F)c1,zink
COCc1cc(=O)n(CC(=O)Nc2cc(C)ccc2OC)c(N2CCCC2)n1,chembl
CN1CCC[C@@H](CNc2nc(Nc3cccc(c3)-n3cc(C)cn3)ncc2F)C1,crossdocked
C=CCn1c(SCC(=O)NCc2ccccc2)nnc1[C@H](NC(=O)c1cccc(C)c1)C(C)C,zink
COc1ccccc1CCNC(=O)c1nc(-c2cccs2)no1,chembl
COc1ncc(Cl)cc1N1CCOc2cc(ccc12)S(=O)(=O)Nc1nccs1,crossdocked
CCOc1ccc(C(=O)C2=C(O)C(=O)N(CCN(CC)CC)[C@@H]2c2ccc(N(C)C)cc2)cc1C,zink
COc1ccc(nc1)[C@H]1C[C@@H]1COc1cc(NCc2cnccc2C)c(=O)n(C)n1,crossdocked
CCCN1CCN(CC1=O)c1cc(ncn1)-c1n[nH]c2cc(F)c(OC(C)C)cc12,crossdocked
COC(=O)C1=C(C)NC2=C(C(=O)C[C@H](c3cccs3)C2)[C@@H]1c1cc(OC)c(OC)c(OC)c1,zink
OC(=O)C1(CC1)NC(=O)Nc1cc(Cl)cc(Cl)c1-c1ccccc1,crossdocked
O=C(Nc1ccc(F)cc1)c1cccc2c1C(=O)N(CC1CCCO1)C2,chembl
Cc1cccc(OCc2cccc(c2)N2C(N)=NC(N)=NC2(C)C)c1,crossdocked
COc1ccc(C(=O)C2=C(O)C(=O)N(CCN(C)C)[C@H]2c2ccc(Cl)c(Cl)c2)cc1C,zink
CC(C)Oc1ccc(C(=O)C2=C(O)C(=O)N(CCN(C)C)[C@@H]2c2ccc(Br)cc2)cc1,zink
COc1ccc(/C=C2\Oc3c(ccc4c3[C@@H](c3ccncc3)CC(=O)O4)C2=O)c(OC)c1OC,zink
CCc1cccc(NC(=O)CSc2nc(C)cs2)c1,chembl
CC(C)(C)NC(=O)CN1CC(Cc2nc3c(cc(cc3[nH]2)C(F)(F)F)C(F)(F)F)C1,crossdocked
CN(Cc1nc(C(c2ccccc2)c2ccccc2)no1)CC1COCCO1,chembl
FC(F)(F)c1cncc(c1)-c1cc2CCN3c2c(CCC3=O)c1,crossdocked
C/C(=N\Nc1ncc(-c2ccc([N+](=O)[O-])cc2)cn1)c1ccc(I)cc1,zink
CN(C(=O)C=C)c1cccc(c1)-c1ccc(C(N)=O)c2[nH]c(C)c(C)c12,crossdocked
COC(=O)c1ccc(N2C(=O)C[C@@H](S/C(=N/c3ccccc3)NCCc3ccccc3)C2=O)cc1,zink
CCN1CCN(Cc2ccc3cc[nH]c3n2)CC1(C)C,chembl
C[C@H](C(=O)N1Cc2[nH]nc(NC(=O)c3ccc(N4CCN(C)CC4)cc3)c2C1)c1ccccc1,chembl
CN(C)CCCN1c2ccccc2CCc2ccc(Cl)cc12,crossdocked
CC(C)=CCOc1cccc(NC(=O)Nc2ccccc2F)c1,chembl
Cc1c(C(=O)C2=C(O)C(=O)N(Cc3cccnc3)[C@H]2c2cccc([N+](=O)[O-])c2)cnn1-c1ccccc1,zink
CN(C(=O)c1ccc2nccnc2c1)C1CCCCC1,chembl
Cc1ccc(C(=O)N2CCC[C@@H](C(=O)[C@H](C#N)c3nc(O)c4c5c(sc4n3)CCCC5)C2)cc1,zink
Oc1c2CCCn2c(=O)n1CN1CCN(CC1)c1cccc(Cl)c1,crossdocked
COc1ccccc1NS(=O)(=O)c1ccc(Br)s1,chembl
COc1cccc(CNC(=O)[C@@H]2CCCN2C(=O)OC(C)(C)C)c1,chembl
Cc1cc2[C@@H](OCCc2cc1Cl)[C@H]1O[C@H]([C@H](O)[C@@H]1O)n1ccc2c(N)ncnc12,crossdocked
CC(=O)[C@@H]1CC[C@@H]2[C@H]3CCC4=C/C(=N\OCC(=O)N[C@H]5CCCCNC5=O)CC[C@]4(C)[C@@H]3CC[C@]12C,zink
COc1cc([C@H]2C(C(=O)c3ccc(F)cc3)=C(O)C(=O)N2Cc2cccnc2)cc(OC)c1OC,zink
O=C(Nc1nc2ccc(Cl)cc2s1)N1CCN(C(=O)c2cccc(F)c2)CC1,chembl
Fc1ccc(OCCNCC2NCCc3c2[nH]c2ccccc32)cc1,chembl
CCOc1ccc(CC(O)=O)cc1-c1ccc(F)c2CCN(Cc12)C(=O)OCCC#C,crossdocked
COc1cc(/C=N/N2C(=O)[C@@H]3[C@@H](C2=O)[C@H]2C=C[C@H]3C2)ccc1OCc1ccc(Br)cc1,zink
Cc1ccc(S(=O)(=O)N=C2S[C@@H](CC(=O)Nc3ccc(F)cc3)C(=O)N2c2ccccc2)cc1,zink
CC(O)CNc1nccc(n1)-n1c(CC#N)cnc1-c1ccc2OCOc2c1,crossdocked
O=c1c(-c2ccccc2Cl)cc(-c2ccccn2)cn1-c1cccnc1,chembl
COc1cc(ccc1-c1cc(Nc2cnc(cn2)C#N)n[nH]1)N(C)CC1CCNCC1,crossdocked
CCC(=O)NCC1CCc2c(OC)ccc3cccc1c23,chembl
CN1CCN(/N=C/c2ccc(Br)cc2)CC1.Cl,chembl
O=C(O)c1nc(O)c2c3c(sc2n1)CCCC3,chembl
CN1CCC[C@H](C1)C(=O)Nc1ccc(cc1)-n1cc2cccc(C(N)=O)c2n1,crossdocked
CCOc1cc([C@H]2C(C(=O)OC)=C(C)NC3=C2C(=O)C[C@@H](c2ccc(OC)cc2)C3)ccc1O,zink
COCCCNC(=O)Cn1cc(C(C)=O)c2ccccc21,chembl
COc1ccccc1CC(=O)c1ccc(O)cc1O,chembl
O=C(NC1CC2CCC1C2)c1cc2n(n1)CCN(Cc1c(F)cccc1Cl)C2=O,chembl
CC(C)Oc1ccc(Nc2nc(cnc2C(N)=O)N2CCC[C@@H](NC(=O)N(C)C)[C@H]2C)cc1,crossdocked
Cn1cc(NC(=O)c2cnn3ccc(nc23)N2CC[C@@H]3C[C@H]2CN3)c(n1)C(F)(F)F,crossdocked
Cc1cccc(Nc2cc(Cl)nc(OCC(=O)O)n2)c1C,chembl
CC(=NNC(=O)c1ccc2[nH]cnc2c1)c1ccc(Br)cc1,chembl
COC(=O)C1CCN(C(=O)CN(C)Cc2ccc(C(C)(C)C)cc2)CC1,chembl
Cc1nn2ccc(CCc3nc(cn3C)-c3ccccc3)nc2c1C,crossdocked
COC1CN(C1)c1cc(ncc1C1CC1)-c1noc(n1)C(C)(C)C,crossdocked
Cc1nc(Nc2ccccc2)sc1C(=O)Nc1ccccc1,chembl
CCCOc1ccc(C(=O)Oc2ccc(/C=N/NS(=O)(=O)c3ccc(C)cc3)cc2)cc1,zink
CNC(=O)c1ccccc1NCC1=NCCN1,crossdocked
CC(=O)NC(c1ccc(N(C)C)cc1)c1ccc2cccnc2c1O,chembl
CC#CCN1C(=O)N[C@@](CCc2ccccc2)(C2CCN(Cc3ccc(F)cc3F)CC2)C1=O,zink
CN(CCNC(=O)c1ccc(Cl)cc1)Cc1ccccc1,chembl
COc1cc(OC)c2c(c1Cl)O[C@]1(C(=O)C=C(NCCc3nc4ccc(F)cc4[nH]3)C[C@H]1C)C2=O,zink
O=C1[C@@H]2[C@@H](C(=O)N1/N=C/c1ccc(-c3ccc(Br)cc3[N+](=O)[O-])o1)[C@H]1C=C[C@H]2CC1,zink
COc1ccc([C@H]2C(C(=O)OC[C@@H]3CCCO3)=C(C)NC3=C2C(=O)CC(C)(C)C3)c(OC)c1,zink
COC(=O)c1sc(N2C(=O)C(O)=C(C(=O)c3ccc(OC)cc3)[C@H]2c2cccs2)nc1C,zink
C=CCn1c(SCC(=O)NCc2ccc3c(c2)OCO3)nc2scc(-c3ccccc3)c2c1=O,zink
CCCCC(N)P(=O)(O)C(O)C(C)c1ccccc1,chembl
CSc1c(Cl)nc(N2CCN(C)CC2)nc1NCc1ccccc1,chembl
CC(C)CN(C(=O)CN(C)C(=O)c1ccco1)c1c(N)n(CC(C)C)c(=O)[nH]c1=O,chembl
COCCN1C(=O)COc2ccccc2C1C(=O)NC1CCCC1,chembl
Cc1cccc(S(=O)(=O)N2CCCc3cc(-c4cccnc4)ccc32)c1,chembl
C=CCn1c(SCCOc2ccc(OC)cc2)nnc1[C@@H](C)NC(=O)c1ccc(OC)cc1,zink
CCOCCOc1n[nH]c(c1C)-c1cc(ccc1C)C(=O)N1CC(C1)c1ccc(cc1)C#N,crossdocked
COc1ccc(OC)c([C@@H]2C(C(=O)/C=C/c3ccccc3)=C(O)C(=O)N2CCCCCC(=O)O)c1,zink
OC(=O)c1cc2CSc3c(F)ccc(F)c3-c2s1,crossdocked
Cn1nccc1[C@H]1CCCC[C@@H]1Oc1cc(F)c(cc1F)S(=O)(=O)Nc1ncns1,crossdocked
CC1=C(C(=O)Nc2ccc(Br)cn2)[C@@H](c2ccc([N+](=O)[O-])cc2)C2=C(CCCC2=O)N1,zink
Cc1cc(C(=O)NCC2CCC(C(=O)N(C)C)O2)co1,chembl
C[C@@H](CO[C@H]1CC[C@@H](CC1)Oc1ncc(cc1C#N)-c1ncc(F)cn1)NC(C)=O,crossdocked
CCOC(=O)/C(=N\Nc1ccc(C(C)=O)cc1)C(=O)CSc1ccc(Br)cc1,zink
CN1C(=O)c2c(ccc3c2OCO3)C2C(O)Cc3cc4c(cc3C21)OCO4,chembl
CCCc1noc(CN(CC)[C@@H](C)COC)n1,chembl
COC(=O)C1=C(C)NC2=C(C(=O)C[C@H](c3cccs3)C2)[C@@H]1c1ccc(OC(C)=O)c(OC)c1,zink
CCOC(=O)C1=C(C)NC2=C(C(=O)C[C@@H](c3ccc(OC)cc3)C2)[C@@H]1c1ccc(O)c(OC)c1,zink
C=CCNC(=O)c1ccccc1NC(=O)CN(c1ccc(Cl)cc1)S(=O)(=O)c1ccc(C)cc1,zink
CCOC(=O)c1sc(N2C(=O)C(O)=C(C(=O)c3ccc(OC)c(C)c3)[C@H]2c2ccco2)nc1C,zink
CC(C)(C)OC(=O)N1CCC(c2cc3cc(-c4cnco4)ncc3o2)CC1,chembl
C=CCn1c(SCC(=O)Nc2ccc(F)c(Cl)c2)nnc1[C@H](C)NC(=O)c1ccccc1,zink
COc1cc(OC)c2c(c1Cl)O[C@]1(C(=O)C=C(Nc3ccc4nc[nH]c4c3)C[C@H]1C)C2=O,zink
CN(C)S(=O)(=O)N(C)c1cncc(c1)-c1ccnc(NC(C)=O)c1,crossdocked
CN1CC[C@H](Oc2cccnc2)C1,chembl
O[C@@]12CC3CC(C1)[C@H](NC(=O)c1cccc(n1)N1CCN(CC1)c1ccc(cc1)C#N)C(C3)C2,crossdocked
Cc1cc(F)ccc1NC(=O)c1cnn2c(cc(=O)[nH]c12)C1CCNCC1,crossdocked
CCOC(=O)c1c(C)[nH]c(C)c1S(=O)(=O)N1CCCCC1,chembl
C=C(C)CN(CC)C(=O)c1cn(CCc2ccccn2)cc(C(=O)NC2CCCCCCC2)c1=O,zink
COc1cccc(Nc2cc(C)nc(n2)-c2ccncc2)c1,crossdocked
C=CCn1c(SCC(=O)Nc2ccc(N3CCOCC3)c(Cl)c2)nnc1-c1ccccc1O,zink
Cc1noc(C)c1-c1cccc(C2CCCNC2)n1,chembl
C=CCNC(=O)c1ccccc1NC(=O)CN(c1ccc(C)c(C)c1)S(=O)(=O)c1ccccc1,zink
CN1CCC[C@@H](C1)Nc1cnn(C)c(=O)c1Cl,crossdocked
COCc1nc2ccc(NC3=CC(=O)[C@@]4(Oc5c(Cl)c(OC)cc(OC)c5C4=O)[C@@H](C)C3)cc2[nH]1,zink
Cc1ccc(S(=O)(=O)OC[C@]23[C@H]4[C@@H]5CCC[C@@H]5[C@H]5[C@H]4[C@H]4[C@H]6[C@H]7[C@H](CC[C@H]7[C@H]42)[C@]3(O)[C@]65C)cc1,zink
Cc1cccc(C)c1NC(=O)CNCCCNC(=O)C1=CC(C)(C)NC1(C)C,chembl
O=S(=O)(Nc1nccs1)c1ccc(NCc2cccc(Cl)c2Cl)cc1,chembl
COc1ccc(C(=O)O)c(O)c1CC1=CCCCC1,chembl
COc1ccc(OC)c(S(=O)(=O)N/N=C/c2ccccc2OC/C=C/c2ccccc2)c1,zink
O[C@@H]1CC[C@H](C[C@H]1N1CCC(CC1)c1ccccc1)OCc1ccc(F)cc1,crossdocked
COC1CCC2(Cc3ccc(cc3C22CCSC(N)=N2)C#CC2CC2)CC1,crossdocked
Cc1cc(C2CCCN2C(=O)CN(C)Cc2ccccc2)no1,chembl
O=C(CCc1cccs1)Nc1nc(-c2ccccn2)cs1,chembl
Cc1cccc(N(C)CC(=O)Nc2nncs2)c1C,chembl
CN1CCc2cc(Cl)c(O)cc2C(C1)c1ccccc1,crossdocked
CCOCCOC(=O)C1=C(C)NC2=C(C(=O)C[C@H](c3ccc(OC)cc3)C2)[C@@H]1c1cccnc1,zink
O=C(Nc1cccc(-c2nnn[nH]2)c1)c1cc(C(F)(F)F)cc2[nH]cnc12,chembl
O=C(O)CCCCCN1C(=O)C(O)=C(C(=O)c2ccc(Cl)cc2)[C@H]1c1ccc2c(c1)OCO2,zink
COCCOC(=O)C1=C(C)NC2=C(C(=O)C[C@H](c3ccccc3)C2)[C@H]1c1ccc(N(C)C)cc1,zink
Nc1cncc(-c2cn([C@H]3CC[C@H](O)CC3)c3cc(Cl)c(cc23)C#N)c1Cl,crossdocked
CCC/N=C1\S/C(=C\c2ccc(OC[C@H](O)CO)c(Cl)c2)C(=O)N1c1ccccc1C,zink
CCOc1cc([C@@H]2C(C(=O)OC3CCCCC3)=C(C)NC3=C2C(=O)[C@H](C(=O)OC)[C@@H](C)C3)ccc1O,zink
C=CCOC(=O)C1=C(C)N=c2s/c(=C/c3ccc(C(C)C)cc3)c(=O)n2[C@@H]1c1ccc(OC)cc1,zink
Cc1nnc(N2C(=O)C(O)=C(C(=O)c3ccc(OC(C)C)cc3)[C@H]2c2cccc([N+](=O)[O-])c2)s1,zink
O=C(Nc1ccccc1)c1cnc(Cl)cn1,chembl
O=C(Nc1nc2c(s1)CCCC2)[C@@H]1CCCc2ccccc21,chembl
O=[N+]([O-])c1ncn(CC(O)(Cn2cncn2)c2ccc(F)cc2F)n1,chembl
O=C(Nc1ccc(C(F)(F)F)cc1)N1CC2CC1CN2c1ncccc1C(F)(F)F,chembl
C[C@@H]1CC[C@@H]2[C@@H](C)C[C@@H](C(=O)/C=C\O)[C@]2(O)C1=O,chembl
CCCOc1ccc2CN(Cc3ccc(cc3)[C@H](C)NC(=O)C3CC3)CCc2c1,crossdocked
COc1ccc2cc([C@H]3CC(=O)Oc4ccc5c(c43)O/C(=C\c3ccco3)C5=O)c(=O)n(C)c2c1,zink
O=C(Nc1cccc(Cl)c1)Nc1ccccc1C(=O)NCc1ccco1,chembl
COc1ccc(C(=O)C2=C(O)C(=O)N(CCN(C)C)[C@@H]2c2ccc(OCc3ccccc3)cc2)cc1,zink
CO[C@@H](C)c1c(NC(=O)Nc2cc(Cl)cnc2OCCN(C)C)cnc2cc(Cl)nn12,crossdocked
Cc1nc(C)n(CC2CCCN(CCOc3cccc(F)c3)C2)n1,chembl
COc1c(F)cccc1N[C@@H]1CCN(C1=O)c1ccc(cn1)-c1cn[nH]c1,crossdocked
Cc1csc([C@@H](C#N)C(=O)COC(=O)CC23C[C@H]4C[C@@H](CC(Br)(C4)C2)C3)n1,zink
CC(=O)Nc1cc(nc(n1)-n1nc(C)cc1C)N1CCc2ccccc2C1,crossdocked
Clc1ccc(cc1)N1CCN(Cc2cc3ccccn3n2)CC1,crossdocked
COc1ccc(COC(=O)C2=C(C)NC3=C(C(=O)CCC3)[C@@H]2c2cc(OC)c(OC)cc2OC)cc1,zink
O=C(C1=C(O)C(=O)N(C[C@@H]2CCCO2)[C@H]1c1cccc(Br)c1)c1ccc(F)cc1,zink
Clc1ccccc1CNC(=O)c1ccc2c(c1)oc1cnccc21,crossdocked
CNS(=O)(=O)c1ccc2cccc(CCNC(C)=O)c2c1,crossdocked
COc1ccc(Cl)cc1CS(=O)(=O)Cc1noc(C)n1,chembl
O=C(/C=C\c1ccc2c(c1)OCO2)C[C@@]1(O)C(=O)N(Cc2ccccc2Cl)c2ccccc21,zink
CCCCOc1ccccc1[C@@H]1C(C(=O)OCCOCC)=C(C)NC2=C1C(=O)[C@@H](C(=O)OC)[C@@H](C)C2,zink
CCC[C@H](C)N(C)C(=O)NCc1nnc2n1CCC2,chembl
Cc1nn(C)cc1-c1nc2c(N3CCN(Cc4ncon4)CC3)c(Cl)cnc2[nH]1,crossdocked
CCN(CC)CCN1C(=O)C(O)=C(C(=O)c2ccc(Cl)cc2)[C@@H]1c1ccc(OC)c(OC)c1,zink
O=C1CCc2cc(C(O)c3cccnc3)cc3c2N1CC3,chembl
CCCCCn1c(=O)c2c(nc3n2CCN3c2ccc(Br)cc2)n(C)c1=O,chembl
COC(=O)C1=C(N)OC2=C(C(=O)CCC2)[C@@H]1c1ccc(COc2cccc(Br)c2)o1,zink
FC(F)(F)c1ccc(CN[C@H]2CC[C@@H](CC2)c2nnn3cnc4[nH]ccc4c23)cc1,crossdocked
CN([C@H](CN1CCCC1)c1ccccc1)C(=O)CNC(=O)c1ccccc1,crossdocked
Nc1nnc(s1)-c1ccc2[nH]cc(-c3cncc(n3)N3CCCC3)c2c1,crossdocked
Fc1cc(ccn1)-c1ccc(nc1)-n1ccc2ccncc12,crossdocked
C=CCN1C(=O)/C(=C2/C(=O)N(CC(=O)Nc3ccc(Cl)cc3)c3ccccc32)SC1=S,zink
CN(C)CC(N1CCN(CC1)c1ncnc2NCCCc12)c1ccc(c(F)c1)C(F)(F)F,crossdocked
CCCOc1cccc([C@@H]2C(C(=O)c3sc(C)nc3C)=C(O)C(=O)N2CCCN(C)C)c1,zink
Cc1nc2n(Cc3ccc(F)cc3F)nc(-c3nnc4c(NC(=O)C4(C)C)n3)c2cc1F,crossdocked
OC(=O)[C@H]1CCN1C(=O)Nc1ccccc1-c1ccccc1,crossdocked
CC#Cc1cncc(c1)-c1ccc2C[C@]3(CCC3)[C@@]3(N=C(C)C(N)=N3)c2c1,crossdocked
Cc1c(C)c2nc(NCc3ccc(cc3)S(N)(=O)=O)sc2c(C)c1O,crossdocked
CN1C(=O)C(c2ccsc2)(c2ccc(F)c(-c3cccnc3F)c2)N=C1N,chembl
COc1n[nH]c2cc(NC(=O)N[C@@H](c3ccccc3)C3(O)CC3)ncc12,crossdocked
CC(C)c1c([nH]c2ccc(cc12)C1CCN(CC(=O)N2CC[C@H](O)C2)CC1)-c1ccnc(C)c1,crossdocked
CC(=O)O[C@H]1C=CC(=O)O[C@@H]1[C@@H](O)[C@@H](Nc1ccccc1)c1ccccc1,chembl
COC1CCN(C(=O)C2CC3CCCC(C2)C3=O)CC1,chembl
CCN(CC)CCN1C(=O)C(O)=C(C(=O)c2cccs2)[C@@H]1c1cccc(Br)c1,zink
CC(=O)c1ccc(N2CCN(S(=O)(=O)c3cccc4nsnc34)CC2)cc1,chembl
COC(=O)[C@@H]1C(=O)C2=C(C[C@H]1C)NC(C)=C(C(=O)OC(C)C)[C@H]2c1ccccc1OC(C)C,zink
O=C(C1=C(O)C(=O)N(CCN2CCOCC2)[C@H]1c1ccc(Cl)c(Cl)c1)c1ccc(F)cc1,zink
CC(C)C(=O)NCc1ccc(Cl)c(c1)-c1nc(cc(=O)[nH]1)-c1ccc(Cl)cn1,crossdocked
CC(=O)Nc1nc2c(N(C)C)nc(C(F)(F)F)nc2n1Cc1ccc(C)cc1,chembl
Clc1ccc(COc2ccc3occc(=O)c3c2)cc1,crossdocked
CN(C)CCN[C@H](CN(C)S(=O)(=O)c1cc(C(F)(F)F)cc(C(F)(F)F)c1)c1ccccc1,chembl
CCCCCCCn1c(N/N=C\C(Br)=C\c2ccccc2)nc2c1c(=O)[nH]c(=O)n2C,zink
C=CCN(c1ccccc1)S(=O)(=O)c1ccc(Cl)c(C(=O)N2CC(=O)Nc3c(F)cccc32)c1,zink
C/N=C(/Nc1cc(Cl)ccc1Cl)S[C@@H]1CC(=O)N(c2ccc(C(=O)OC)cc2)C1=O,zink
O=[N+]([O-])c1ccc(Oc2ccccc2Cl)cc1,chembl
COCCn1cc(C(F)(F)F)ccc1=O,chembl
O=C(O)c1cccc2c1C(=O)c1cc([N+](=O)[O-])cc([N+](=O)[O-])c1-2,chembl
CC(C)(O)Cc1c[nH]c2ncnc(N[C@@H]3CCCN(C3)C(=O)C=C)c12,crossdocked
CN(c1ccc(F)c(Cl)c1)c1ncnc2cc3c(cc12)OCO3,chembl
COC(=O)c1sc(N2C(=O)C(O)=C(C(=O)c3cccs3)[C@@H]2c2ccc(F)cc2)nc1C,zink
C=CCn1c(SCC(=O)c2cccc([N+](=O)[O-])c2)nnc1[C@H](C)NC(=O)c1cccc(Cl)c1,zink
Cc1cc(NC2=CC(=O)C(=O)c3ccccc32)no1,chembl
O=C(NS(=O)(=O)c1cccc([N+](=O)[O-])c1)n1ccc2cccnc21,chembl
COc1cccc(/C=C2\Oc3c(ccc4c3[C@@H](c3ccc5c(c3)OCO5)CC(=O)O4)C2=O)c1OC,zink
CC1Cc2cc(Cl)cc(C(=O)NC3CC4CCC(C3)N4C)c2O1,chembl
Cc1ccc(C(=O)[C@H](C#N)c2nnc(-c3ccccc3)n2C)cc1NC(=O)c1ccc2c(c1)OCCO2,zink
COc1ccccc1N1CCN(Cc2cn3cc(C)cc(N4CCOCC4)c3n2)CC1,chembl
COc1cc(/C=N/Nc2ccc3nnc(-c4c(F)cccc4Cl)n3n2)cc(OC)c1OC,zink
NNc1nc2cc(Cl)c(Cl)cc2nc1Cc1ccccc1,chembl
COc1ccc(CNC(=O)Cn2ccc3ccc(N4CCCCC4)nc32)c(OC)c1,chembl
Cc1ccc(NC(=O)c2cccc(c2)C(F)(F)F)cc1-c1cc(N)nc(c1)N1CCOCC1,crossdocked
CC(N1CCC(CC1)C(=O)NC1CCCCC1)c1cccc(NC(=O)c2cc(C)ccn2)c1,crossdocked
COc1ccc(F)c(c1)-c1nc(cs1)C(=O)Nc1cnn(C)c1[C@@H]1CC[C@@H](N)[C@H](F)CO1,crossdocked
CC(C)(C)c1ccc(-n2ncc3c2CCCC3NC(=O)CCCn2cncn2)cc1,chembl
CCc1cccc(NC(N)=Nc2ccccc2C)c1,crossdocked
COc1ccc(cc1)C1(NC(=N)N(C2CCN(C)CC2)C1=O)c1ccc(OC)cc1,crossdocked
Cc1cc2oc(=O)cc(Cn3ccnc3)c2cc1C,chembl
O=C(Cc1ccc(-c2ccccc2)cc1)N1CCOCC1,chembl
Cc1coc(NC(=O)CSc2nc(-c3ccc4c(c3)OCO4)cc(C(F)(F)F)c2C#N)n1,zink
COCCN1CCC(CS(=O)(=O)N2CC[C@@H](NC(=O)c3cc(on3)C3CC3)[C@@H](C)C2)CC1,crossdocked
Cc1ccc(C(C)(C)NC(=O)C2CCC(=O)N(CCCN3CCOCC3)C2)cc1,chembl
Cc1ccc(N2CCc3ncnc(N[C@H](CCO)c4ccc(C(F)F)nc4)c3C2)c(C#N)c1,chembl
CCOc1ccc([C@@H]2C(C(=O)OC[C@@H]3CCCO3)=C(C)NC3=C2C(=O)CC(C)(C)C3)cc1OC,zink
O=[N+]([O-])c1ccc(-c2ccc(/C=N/Nc3nc(N4CCCCC4)nc(N4CCCCC4)n3)o2)cc1,zink
Cc1ccc(cc1)-c1c(F)c(F)ccc1-c1ccc(cc1)S(N)(=O)=O,crossdocked
COC(=O)[C@@H]1C(=O)C2=C(C[C@@H]1C)NC(C)=C(C(=O)OC1CCCCC1)[C@H]2c1ccc(OC)cc1OC,zink
COC1CN(C1)C(=O)c1ccc2[nH]nc(Cc3ccc(cc3)-c3cnn(C)c3)c2c1,crossdocked
C[C@H](Nc1cc(NCCOc2ccccc2)ccn1)c1ccccc1,crossdocked
Nc1nc(-c2ccc(C(F)F)o2)nc2sc(CN3CCC(F)(F)CC3)cc12,chembl
Cc1cc(C#N)cc(C)c1Oc1ccnc(NC2CCN(c3cccc(C#N)c3)CC2)n1,chembl
CC(=O)C1(O)CCC2C3CCC4=C(Cl)C(=O)CCC4(C)C3CCC21C,chembl
CCOC(=O)C1=C(C)NC2=C(C(=O)[C@H](C(=O)OCC)[C@H](c3ccccc3OC)C2)[C@@H]1c1cccs1,zink
Brc1ccc(cc1)C(=O)Nc1cc(n[nH]1)C1CCC1,crossdocked
CCCN1C(=O)N(Cc2cnc(CNC(=O)C=C)cc12)c1c(F)c(OC)cc(OC)c1F,crossdocked
COCCC(=O)N1CCC(Oc2ccc(C(=O)N3CCCC(OC)C3)cc2)CC1,chembl
COc1ccc(NC(=O)CCN2CC(C)OC(C)C2)c(OC)c1,chembl
CC(C)N1CCN(CC1)c1cc(ncn1)-c1n[nH]c2ccc(cc12)-c1ccn[nH]1,crossdocked
CCOC(=O)[C@@H]1CCCN(CN2C(=O)/C(=N\c3ccc(C)c(Br)c3)c3ccccc32)C1,zink
CC(C)OCCCNc1cc(N2CCC[C@H]2C(N)=O)ncn1,chembl
COC(=O)C1=C(C)NC2=C(C(=O)C[C@H](c3ccccc3)C2)[C@H]1c1cc(OC)c(OC)cc1[N+](=O)[O-],zink
Cc1ccc2c(c1)/C(=N/NC(=S)Nc1cccc(Br)c1)C(=O)N2C,chembl
O=c1[nH]c(=S)n(-c2ccc(F)cc2)c2c1C(C(F)(F)F)(C(F)(F)F)NC(c1cccnc1)=N2,zink
COc1c(F)cccc1-c1nnc(SCC(=O)O)[nH]1,chembl
Cn1nc(C(=O)Nc2ccc(Br)cc2)cc1C(=O)Nc1ccc(Br)cc1,chembl
O=C(O)C(CCOc1ccc(Br)cc1)C(=O)O,chembl
CSc1nc(/C=C2\C=Nc3ccccc32)c(O)n1C,chembl
N#C[C@]1(C(N)=O)[C@H](c2ccc(F)cc2)[C@@H](C(=O)c2ccc(F)cc2)N2c3ccccc3C=C[C@H]21,zink
Cc1sc(C)c-2c1CCc1cnn(C)c-21,crossdocked
C=CCN1C(=O)/C(=C2\Sc3ccccc3N2CC)SC1=NS(=O)(=O)c1ccccc1,zink
Clc1cccc(c1)C(=O)c1cnc(NCc2cccc(c2)C#N)nc1,crossdocked
C=C(C)COc1ccc([C@H](CC(=O)OC)c2c(O)n(CCc3ccc(O)c(O)c3)c(C)cc2=O)cc1,zink
CN([C@@H]1CCc2c(CC(O)=O)c3cc(F)c(Cl)cc3n2C1)S(=O)(=O)c1ccc(F)cc1,crossdocked
Cc1cc(=O)[nH]c(N2CCC[C@H](NS(=O)(=O)CC3CCC3)C2)n1,chembl
Cc1ccc(CNS(=O)(=O)c2ccc(C(=O)N(C)C)s2)cc1,chembl
CCCOC(=O)C1=C(C)NC2=C(C(=O)[C@H](C(=O)OC)[C@@H](C)C2)[C@H]1c1coc2ccc(Cl)cc2c1=O,zink
Clc1cccc(c1)[C@@H]1CN2CCC[C@@H]2c2ccccc12,crossdocked
C=C(CC[C@@]1(C)[C@H](C)CCC(=O)[C@@H]1C)C(O)Cc1c(O)cc(C)cc1O,chembl
O=C(c1ccccc1)c1ccc2[nH]c(C(=O)[O-])cc(=O)c2c1.[Na+],chembl
Cc1ccc(NC(=O)CCN2CCC(C)CC2)cc1,chembl
FC(F)c1cc(ccc1F)-n1cc(COc2ncc(cn2)N2CC(F)(F)C2)nn1,crossdocked
Cn1ncc2c1NC(=O)CN=C2c1ccccc1,chembl
COC(=O)C1=C(C)NC2=C(C(=O)C[C@H](c3ccc(OC)cc3)C2)[C@@H]1c1ccc(OC)cc1OC,zink
Cc1[nH]c2c(cc(F)c(Cc3ccnc(C=C)c3)c2c1C)C(N)=O,crossdocked
COc1ccc(OC)c([C@H]2C(C(=O)OCCOc3ccccc3)=C(C)NC3=C2C(=O)CCC3)c1,zink
Cc1ccc(NC(=O)C2CCN(S(=O)(=O)c3cccc4cccnc34)CC2)nc1,chembl
CC(C(=O)NNC(=O)NO)c1cccc(Cc2ccccc2)c1,chembl
CCn1c(=O)[nH]c2nc([nH]c2c1=O)-c1cnn(Cc2cccc(F)c2)c1,crossdocked
Cc1ccc(N2CCNCC2)cc1,chembl
Cc1cc(Cl)c(S(=O)(=O)Nc2ccc(C#N)cc2)cc1OCC(=O)NC1CCCCC1,zink
CC(C)Oc1cccc(c1)N(Cc1cccnc1)S(=O)(=O)CC(F)(F)F,crossdocked
CC(C)CCCCN1C(=O)C(CCOc2ccccc2CC(O)=O)Oc2ccccc12,crossdocked
OC(C1CCN(C1)C(=O)c1ccc(N2CC(F)(F)C2)c(OCC2CC2)n1)C(F)(F)F,crossdocked
C=CCOc1ccc([C@@H]2C(C(=O)c3ccc(OCCC)cc3C)=C(O)C(=O)N2CCN(C)C)cc1,zink
CC1(C)C2CC(=C\c3ccccc3)/C(=N\NC(N)=S)C1C2,chembl
C=CCOc1ccc(/C=C2\C(=O)NC(=S)N(c3ccc(Br)cc3)C2=O)cc1OCC,zink
C[C@]12CC[C@@H]3[C@H](CCC4=CC(=O)CC[C@@]43C)[C@H]1CC[C@@H]2OC(=O)CCC(=O)NCCc1cnc[nH]1,zink
COc1ccc(cc1N1CCN(C)CC1)S(=O)(=O)n1ccc2c(F)cccc12,crossdocked
Fc1ccc(Cc2n[nH]c(=O)c3CCCNc23)cc1N1C(=O)CCC1=O,crossdocked
NC1=N[C@@](C(F)F)([C@H]2C[C@H]2O1)c1cc(Nc2nccc3cc(cnc23)C#N)ccc1F,crossdocked
O=C(C[C@H]1[C@H]2CN(c3ncccn3)C[C@@H]12)Nc1cccnc1,chembl
CCOc1cc(/C=N/NS(=O)(=O)c2ccccc2)ccc1OC(=O)c1ccc(Cl)cc1,zink
CCOc1ccc(-c2nc(-c3cccnc3)no2)cc1OCC,chembl
CCN1C(=O)N[C@@H](c2cccc(C(F)(F)F)c2)C(C(C)=O)=C1C,chembl
O=C(/C=C/C(=O)OCC(F)(F)C(F)(F)C(F)(F)F)OCC(F)(F)C(F)(F)C(F)(F)F,zink
COc1ccc(OCc2ccccc2)c(CCCNC(C)=O)c1,crossdocked
COc1cc(OC2CCN(C)CC2)ccc1-c1cc(Nc2cnc(cn2)C#N)n[nH]1,crossdocked
COc1cccc(CN2CCNC(=O)C2CC(=O)NCCc2ccccn2)c1,chembl
CO[C@@H]1CCN(C1)c1cnc2c(ccc(F)c2c1)C(=O)Nc1cnccc1[C@@H]1C[C@H](C)C[C@H](N)C1,crossdocked
CCCOc1ccc(C(=O)C2=C(O)C(=O)N(CCCn3ccnc3)[C@@H]2c2cccc(OC)c2)cc1,zink
NC(=O)c1cn(nc1Nc1ccc(F)cc1)[C@@H]1CCN(C[C@H]1C#N)C(=O)OCCC1CC1,crossdocked
CC(C)C[C@H](NC(=O)c1ccc(NC[C@@H](N)CS)cc1-c1cccc2ccccc12)C(=O)O,zink
CCN(CC(=O)Nc1sc2c(c1C#N)CCC(C)C2)CC(=O)NC1CCS(=O)(=O)C1,chembl
CC(=O)Nc1ccc(CC(=O)N[C@@H](Cc2ccc(C)cc2)B(O)O)cc1,crossdocked
CNC(=O)[C@@H](NC(=O)c1ccc(C2CC2)c(OCC2CC2)n1)c1ccccc1,crossdocked
CC#CCN1C(=O)N[C@@](Cc2cccc(F)c2)(C2CCN(Cc3ccc(OC)c(C)c3C)CC2)C1=O,zink
Cc1ccc(C#N)c(S[C@H](CCN)c2ccccc2)n1,crossdocked
CC(C)Cc1ccc(nc1)-c1nc(no1)-c1ccc(CCC(O)=O)cc1C,crossdocked
CON(C)C(=O)\C=C\c1ccc(cc1)C(=O)NCc1ccccc1C(F)(F)F,crossdocked
COc1ccc(C(=O)C2=C(O)C(=O)N(CCCn3ccnc3)[C@@H]2c2ccc(Cl)cc2)cc1,zink
CN1C[C@](C)(NC(=N)C(C)(C)S1(=O)=O)c1cc(NC(=O)c2ncc(cc2C)C#N)ccc1F,crossdocked
C=CCN(CC=C)C(=O)c1cn(CCc2ccccn2)cc(C(=O)NC2CCCCCCC2)c1=O,zink
CCOC(=O)[C@@](NC(=O)c1ccccc1)(Nc1sc2c(c1C#N)CC[C@H](C)C2)C(F)(F)F,zink
Cc1n[nH]c(C)c1S(=O)(=O)N1CCC(CC1)=C(F)c1cnc2ccccc2c1,crossdocked
Cc1ncc(C)n2nc(CCc3nc(N(C)C)nn3C)nc12,chembl
C=CC[C@@H]1COC(CC)(CC(=O)O)c2[nH]c3c(CCC)cccc3c21,chembl
COC(=O)[C@@H]1C(=O)C2=C(C[C@H]1C)NC(C)=C(C(=O)OC1CCCCC1)[C@@H]2c1ccccc1[N+](=O)[O-],zink
CCC1(CC)CC(CCN2CCN(CC2)c2ccccc2C#N)OC1=O,crossdocked
Cn1nc2c(cc1=O)C[C@@H](NC(=O)c1ccc3c(c1)OCO3)CC2,chembl
C=CCN1C(=O)/C(=C/c2cccc(OC)c2OS(=O)(=O)c2ccc(C)cc2)SC1=S,zink
C[C@H](F)C1COC(=O)N1c1ccnc(N[C@@H](C)c2cn(cn2)-c2ccc(cc2)C(F)F)n1,crossdocked
CCOC(=O)C1CCCN(C(=O)c2cc(-c3ccco3)nc3ccccc23)C1,chembl
CC(=O)Nc1cc(F)c2c(c1)Cc1ccccc1-2,chembl
O=c1c2cc(F)c(N3CCCC3)cc2n(CC2CC2)c(=O)n1O,chembl
CCN1C(=O)[C@H]2[C@H]3CN=C(SCC4CC4)N3[C@@](CC)(C(=O)OC)[C@H]2C1=O,chembl
CCOC(=O)[C@@H]1C(=O)C2=C(C[C@H]1c1cccs1)NC(=O)C[C@@H]2c1cccc(Br)c1,zink
CNc1ncc(cc1N1CCCS1(=O)=O)-c1ccnc(NC(C)=O)c1,crossdocked
CCOC(=O)C1=C(C)NC2=C(C(=O)[C@H](C(=O)OCC)[C@@H](c3ccco3)C2)[C@H]1c1cccs1,zink
COc1ccc2occ([C@@H]3CC(=O)Oc4ccc5c(c43)O/C(=C\c3ccco3)C5=O)c(=O)c2c1,zink
Cc1cc(C)n(CC(=O)N2CCCC(c3cc4cccnc4[nH]3)C2)n1,chembl
C[S@](=O)c1nc(c([nH]1)-c1ccc(F)cc1)-c1ccnc(NC2CCOCC2)c1,crossdocked
CCC(CC)n1cc(cn1)-c1nc(cn2nccc12)-c1cnn(c1)[C@H]1COC[C@@H]1O,crossdocked
O=C(C[C@@H]1S/C(=N\c2ccccc2)N(CCc2ccc3c(c2)OCO3)C1=O)Nc1cccc(O)c1,zink
CN([C@@H]1CCN(C1)c1ncnc2[nH]ccc12)c1ccc(cc1)S(=O)(=O)C(F)(F)F,crossdocked
O=C(Nc1ccc(CN2CCOCC2)cc1)\C=C\c1cnccc1-c1cnsc1,crossdocked
COc1ccc(-c2nc3cc(C)ccc3cc2CN2CCN3CCC[C@H]3C2)cc1,chembl
COC(=O)[C@@H]1C(=O)C2=C(C[C@H]1C)NC(C)=C(C(=O)OC1CCCCC1)[C@@H]2c1ccccc1C,zink
COc1ccc2cc1Oc1cc(ccc1O)CCC(=O)N[C@@H]1CN(Cc3cccc(C#N)c3)C[C@@H]21,zink
Cn1cc(cn1)C1=NCC(=O)N2CCc3c(I)cccc3C2=C1,crossdocked
NS(=O)(=O)c1ccc(cc1)C(=O)N1CCc2cc(O)c(O)cc2C1c1ccc(F)cc1,crossdocked
C=C(C)CN(CC)C(=O)c1cn(Cc2ccccn2)cc(C(=O)NC2CCCCCCC2)c1=O,zink
C=CCN1C(=O)/C(=C(\S)N(CC)c2ccccc2C)SC1=NS(=O)(=O)c1ccccc1,zink
CC(C)C(=O)NCc1ccc(Cl)c(c1)-c1nc(cc(=O)[nH]1)-c1ccc(F)cc1F,crossdocked
N#Cc1ccc(-c2cc(N3CCN(C(=O)c4c[nH]nc4-c4cc5ccccc5o4)CC3)n[nH]2)cc1,zink
COc1ccc(S(=O)(=O)NCC(c2ccco2)N2CCN(c3ccccc3F)CC2)cc1C,chembl
Cc1nccc(Nc2cc(ccn2)-c2cnc(C)c3[nH]ccc23)n1,crossdocked
CC1(C)C2CCC1(CS(=O)(=O)Nc1ccc(S(=O)(=O)N3CCCCC3)cc1)C(=O)C2,chembl
O=C(OCc1ccccc1)N1CCCC1/C=C/CN1CCOCC1,chembl
Cc1ccc([C@@H]2C(C(=O)c3sc(-c4ccccc4)nc3C)=C(O)C(=O)N2CCN(C)C)o1,zink
COCc1cc(cc(c1)-c1ccc2ccc(C)nc2c1)C#N,crossdocked
COC(=O)CC(=O)NCCc1ccc(cc1)-c1ccc(CCN2CCC[C@H]2C)cc1,crossdocked
CCOC(=O)C1=C(N)OC2=C(C(=O)CCC2)[C@H]1c1ccc(OC)c(COc2ccc(C)cc2)c1,zink
CCOC(=O)C1=C(C)NC2=C(C(=O)[C@H](C(=O)OCC)[C@H](c3ccccc3)C2)[C@@H]1c1cccs1,zink
COc1ccc(CNCc2ccc(N3CCCCCC3)cc2)cc1,chembl
CCOC(=O)N1C[C@H](C[C@@H]1C(=O)N1CCCN(CC1)C1CCC1)Oc1cccc(F)c1,crossdocked
Cc1nc(C(=O)NCCN2CCN(CC2)c2cccc(Cl)c2Cl)c(C)n1-c1ccccc1,crossdocked
CCc1nc2c(C)nc(C)cc2n1-c1ccc(CCN/C(O)=N/S(=O)(=O)c2ccc(C)cc2)cc1,zink
CCCOc1ccc(C(=O)C2=C(O)C(=O)N(CCN3CCOCC3)[C@H]2c2ccc(Cl)cc2)cc1C,zink
C[C@H]1Cc2c(CN1C(=O)c1cccc(c1F)C(F)(F)F)nnn2-c1ccn[nH]1,crossdocked
C[C@@H](Oc1ccc(Br)cc1OC1CNC1)c1cccc(c1)C(F)(F)F,crossdocked
CN1CCc2ccccc2Cc2ccc(O)c(Cl)c2CC1,crossdocked
Nc1cc2c(cc1C(=O)c1ccccc1)OCCO2,chembl
Oc1n[nH]c(CCc2ccccc2)cc1=O,crossdocked
Cc1nc(no1)[C@](C)(CC1CC1)NC(=O)c1cc(OCC(F)(F)F)c(cn1)C1CC1,crossdocked
Cc1cc(C)c2cc1-c1cc(SCCCC(=O)NCCNC2=O)nc(N)n1,crossdocked
O=c1ccc(-c2ccc(OC3CCN(C4CCCC4)CC3)nc2)n[nH]1,chembl
C[C@H](N)CNC(=O)c1ccnc(c1)-c1cnn2ccc(nc12)-c1cccs1,crossdocked
COCCOC(=O)C1=C(C)NC2=C(C(=O)C[C@@H](c3ccccc3OC)C2)[C@H]1c1ccc(F)cc1,zink
Oc1cc(CCc2ccc(cc2)-c2ccccc2)n[nH]c1=O,crossdocked
C[C@@H]1CCc2sc(NC(=O)c3ccc(N4C(=O)[C@@H]5[C@H]6C=C[C@@H](C6)[C@H]5C4=O)cc3)c(C#N)c2C1,zink
CCOc1ccccc1[C@@H]1C(C(=O)c2ccc(OC)c(C)c2)=C(O)C(=O)N1CCN(CC)CC,zink
C[C@]12CC[C@H]3[C@@H](CCc4cc(OS(N)(=O)=O)ccc34)[C@@H]1CC[C@@H]2OS(N)(=O)=O,crossdocked
CO[C@@H](c1ccccc1)[C@H](O)[C@](O)(c1ccccc1)P(=O)(OC)OC,chembl
CCOc1ccc(C(=O)C2=C(O)C(=O)N(CCN(CC)CC)[C@@H]2c2ccncc2)cc1Cl,zink
CCCN1c2ccccc2C(=NC(NC(=O)Nc2cccc(OC)c2)C1=O)N1CCN(C)CC1,crossdocked
C[C@H]1CNc2ncc(cc2O1)C(=O)N1CCC(C1)c1ccncc1,crossdocked
NC(=O)c1cnn2c(N)cc(Nc3cc(Cl)cnc3OC3CCC3)nc12,crossdocked
CCOC(=O)c1ccc(S(=O)(=O)CN2C(=O)C3Cc4ccccc4CN3S2(=O)=O)cc1,chembl
Fc1cccc(c1)[C@H]1CCCN1c1ccc2ncc(-c3ccc(cc3)C#N)n2n1,crossdocked
CNC(=O)[C@@]12C[C@@H]1[C@H]([C@H](O)[C@@H]2O)n1cnc2c(NC)nc(nc12)C#CC1CCCCC1,crossdocked
CN1CCN(C(=O)CN2c3ccccc3NC3=C(C(=O)CC(C)(C)C3)[C@@H]2[C@@H]2CC=CCC2)CC1,zink
COc1cccc(c1)N(C)c1ccc(NC(=O)C(C)C)cc1,crossdocked
CCOC(=O)N1CCN(CCCOc2ccc(cc2)-c2ccc(cc2C)C#N)CC1,crossdocked
NS(=O)(=O)c1ccc(NC(=O)Cc2ccccn2)cc1,crossdocked
CC(C)Cc1nc2sc3c(NCCN4CCOCC4)ncnc3c2c2CC(C)(C)CCc12,crossdocked
CCn1c(SCC(=O)O)nc2sc3c(c2c1=O)CCC3,chembl
COc1ccccc1Nc1ccc2c(n[nH]c2c1)-c1ccccc1,crossdocked
C=CCNC(=O)c1cn(Cc2ccc(C)o2)cc(C(=O)N(C)CC23CC4CC(CC(C4)C2)C3)c1=O,zink
Cc1cc(Oc2nccc3sncc23)ccc1-c1c(C)n[nH]c(=O)c1C,crossdocked
COc1ccc(-c2csc(N3N=C(C)/C(=N\Nc4c(C)cccc4[N+](=O)[O-])C3=O)n2)cc1,zink
C=CCN1C(=O)/C(=C/c2c(NCc3ccc(OC)cc3)nc3c(C)cccn3c2=O)SC1=S,zink
O=C(CSc1ccc2c(c1)OCCO2)Nc1cccnc1Cl,chembl
COc1cc(C2C3=C(CCCC3=O)N(CCC(=O)O)C3=C2C(=O)CCC3)cc(Cl)c1OC,zink
Clc1nnn(C2CN3CCC2CC3)n1,chembl
CCCOc1ccc(C(=O)C2=C(O)C(=O)N(CCN3CCOCC3)[C@H]2c2ccc(C)cc2)c(C)c1,zink
CN(C)c1nc(-c2ncc[nH]2)c2sccc2n1,chembl
Cn1c(=O)[nH]c2c(cnn2C)c1=O,chembl
CO[C@H](C(=O)O[C@]12C(OC(C)C)=C(OC(C)C)C(=O)[C@@]1(C)C[C@@H]1CC[C@H](O)[C@@H]12)c1ccccc1,zink
COc1ccc([C@@H]2[C@H](C(=O)c3ccc(F)cc3)N3c4ccccc4C=C[C@@H]3[C@]2(C#N)C(N)=O)cc1OC,zink
C[C@@H]1CCCN1CCCOc1ccc(cc1)-c1cc(=O)n(nc1C)-c1ccccn1,crossdocked
OC1CCN(Cc2ccc(cc2)[C@H]2COc3cccnc3O2)CC1,crossdocked
Cn1nc(-c2ccco2)cc1NC(=O)N1CCCC2(CCCCC2)C1,chembl
COc1cc(C=NN2CCN(C3c4ccccc4-c4ccccc43)CC2)cc(OC)c1OC(C)=O,zink
CC(C)c1c([nH]c2ccc(nc12)C1CCN(CC#N)CC1)-c1cc(C)c2ncnn2c1,crossdocked
COc1ccc([C@@H]2C(C(=O)OC[C@@H]3CCCO3)=C(C)NC3=C2C(=O)CC(C)(C)C3)c(OC)c1,zink
CC[C@H](C)OC(=O)C1=C(C)NC2=C(C(=O)[C@H](C(=O)OC)[C@H](C)C2)[C@@H]1c1ccc(Cl)c([N+](=O)[O-])c1,zink
COC(=O)C1=C(C)NC2=C(C(=O)C[C@H](c3ccc(OC)cc3)C2)[C@H]1c1ccc(OC)c(OC)c1,zink
C=CCOc1ccccc1CN[C@@H]1C[C@@H](C(=O)NC)N(CC(c2ccccc2)c2ccccc2)C1,zink
CC1CCCN(CC(O)COc2ccc3c(c2)OCO3)C1.Cl,chembl
CNC1CCN(CC/C=C/c2cncc(C#N)c2Nc2ccc3[nH]ccc3c2C)CC1,chembl
COc1cc(/C=N\NS(=O)(=O)c2ccc3ccccc3c2)ccc1OCc1cccc(C(=O)O)c1,zink
CCOC(=O)C[C@H]1CC[C@H]2[C@@H]3CC[C@H]4N(C)C(=O)CC[C@]4(C)[C@H]3CC[C@]12C,crossdocked
COc1cccc(CN2CC3(CCN(C(=O)c4ccncc4)CC3)CC2=O)c1,chembl
[O-][N+](=O)c1ccc(nc1)N1C[C@H]2[C@@H](C1)[C@@H]2NCC(=O)N1C[C@@H](F)C[C@H]1C#N,crossdocked
N#Cc1ccc(CN2CCC(CC2)c2nnn3cnc4[nH]ccc4c23)cc1,crossdocked
Cc1cc(N)nc(C[C@@H]2CNC[C@@H]2OCCNCC(F)(F)c2cccc(Cl)c2)c1,crossdocked
Cc1ccc(S(=O)(=O)OC[C@H]2C[C@@H](COS(=O)(=O)c3ccc(C)cc3)C(C)(C)C2)cc1,zink
COc1cc(OC)c([C@@H]2C(C(=O)OCCc3ccccc3)=C(C)NC3=C2C(=O)CCC3)cc1OC,zink
Cc1c(Br)c2ccccc2n1CC(=O)[C@@H](C#N)c1nc(N)nc(Nc2ccccc2)n1,zink
COc1ccc([C@@H]2CC(=O)C3=C(C2)NC(=O)C[C@H]3c2ccc(Cl)c([N+](=O)[O-])c2)cc1OC,zink
Cc1cccc(NC(=O)Cc2csc(NC(=O)[C@@H]3CCC(=O)N3)n2)c1C,chembl
Cc1nc2cccc(-c3cc4c([nH]3)CCNC4=O)c2nc1-c1ccncc1Cl,chembl
C[C@@H](OC(F)F)[C@H]1CCc2c(O1)nc(cc2-c1ccc(F)cc1F)C(N)=O,crossdocked
COc1ncc(cc1S(=O)(=O)Nc1cc(F)ccc1F)-c1ccnc(NC(C)=O)c1,crossdocked
COC(=O)c1sc(N2C(=O)C(O)=C(C(=O)c3ccc(OC)c(C)c3)[C@H]2c2ccc(F)cc2)nc1C,zink
O=C(O)c1ccc(N2C(=O)C[C@H](S/C(=N/c3ccc(F)cc3)NCCc3ccccc3)C2=O)cc1,zink
C=CCn1c(CC(=O)Nc2ccc(C)c(C)c2)nnc1SCC(=O)Nc1cc(F)ccc1C,zink
C=C1CCCC2C1(C)CCC(C)C2(C)C/C(O)=C(/CO)CCO,chembl
C#C[C@@]1(O)CC[C@@H]2[C@H]3CCC4=CC(=NOCC(=O)NCc5ccncc5)CC[C@]4(C)[C@@H]3CC[C@@]21C,zink
Cc1cccc(OCC(=O)N/N=C/c2cccn2C)c1,chembl
COC(=O)[C@@H]1C(=O)C2=C(C[C@H]1C)NC(C)=C(C(=O)OC1CCCCCC1)[C@H]2c1ccc(O)cc1,zink
Cc1oc(C(C)(C)C)cc1C(=O)NC(CC(=O)O)c1ccc(C(C)C)cc1,chembl
Cc1ccc(N2CC(O)CSC2=Nc2ccccc2)cc1,chembl
c1cc(C(c2ccc(OC[C@@H]3CO3)cc2)c2ccc(OC[C@H]3CO3)cc2)ccc1OC[C@@H]1CO1,zink
COCCN1C(=O)C(CC(=O)NO)Sc2ccccc12,crossdocked
Cn1nc(-c2ccccc2)c(-c2ccccc2)nc1=O,chembl
C[C@@H]1C[C@@H]2[C@@H]3C[C@H](F)C4=CC(=O)C=C[C@]4(C)C3=CC[C@]2(C)[C@@]1(O)[C@H](O)COC(=O)c1ccccc1,zink
CCOCCOC(=O)C1=C(C)NC2=C(C(=O)C[C@H](c3cccs3)C2)[C@H]1c1cccc(O)c1,zink
COc1ccc([C@@H]2[C@H](C(=O)c3ccccc3)N3c4ccc(F)cc4C=C[C@@H]3[C@@]2(C#N)C(N)=O)cc1OC,zink
O=C(O)C(CC#Cc1ccccc1)NS(=O)(=O)c1ccc(-c2ccc(F)cc2)cc1,chembl
Cc1cnc2c(N)c(C(=O)NC[C@H](C)c3cc(F)c(N4CC5CCC(C4)N5)cc3F)sc2n1,chembl
Cn1cc(C2CCNCC2)c2ccc(C(=O)NS(=O)(=O)C3CC3)cc21,chembl
O=C1CCc2cc(OCCCC(F)(F)F)ccc21,chembl
COc1cccc(-n2nnnc2SCC(=O)Nc2sc3c(c2C#N)CC[C@@H](C(C)(C)C)C3)c1,zink
CCCCOc1ccccc1[C@@H]1C(C(=O)OCCC)=C(C)NC2=C1C(=O)[C@@H](C(=O)OC)[C@@H](C)C2,zink
CC[C@@H](NC(=O)c1cc(C(=O)N2CCCC2)n2CCOCc12)c1ccc(F)cc1F,crossdocked
Cc1cc(nc2nn3c(cc(=O)[nH]c3c12)C1CCNCC1)C(F)(F)F,crossdocked
Cc1ccc(cc1)-c1ccc(CO[C@H]2C[C@H](C2)N=C=S)cc1,crossdocked
COCC1NC(=O)c2cc([nH]c12)-c1cccc2c1nc(NC(C)(C)C)n(C)c2=O,crossdocked
COC(=O)c1sc(N2C(=O)C(O)=C(C(=O)c3ccc(C)c(F)c3)[C@H]2c2cccc(OC)c2)nc1C,zink
CC1=C(C(=O)OC[C@H]2CCCO2)[C@@H](c2ccc(C)c(Br)c2)C2=C(CCCC2=O)N1,zink
COCCN(CCOC)C[C@H]1CC[C@@H](CC1)c1nnn2cnc3[nH]ccc3c12,crossdocked
COC(=O)C1=C(C)NC2=C(C(=O)C[C@H](c3ccc(OC)cc3)C2)[C@@H]1c1cc(OC)ccc1OC,zink
CC#CCN1C(=O)N[C@](CCCc2ccccc2)(C2CCN(C3Cc4ccccc4C3)CC2)C1=O,zink
O=S(=O)(CC1CC1)NCc1cccc(c1)C1(Cc2ccccc2)CCNC1,crossdocked
OC(CNCc1ccccc1)COc1ccc2ccccc2c1,chembl
OC(CNC1CCN(CC1)c1ncnc2ccsc12)COc1ccc(O)cc1,crossdocked
O=C(Nc1ccc(Cl)cc1)Nc1ccc2c(c1)OCO2,chembl
CC(C(=O)NCc1ccc(cc1C#N)C(C)(C)C)c1ccc(NS(C)(=O)=O)c(F)c1,crossdocked
NC(CSSC(=O)N(C(=O)Nc1ccccc1)c1ccccc1)C(=O)O,chembl
N#CC1=C(SCc2ccccc2)SCNC1=O,chembl
COc1cc([C@H]2C(C(=O)Nc3cc(C)ccn3)=C(C)NC3=C2C(=O)CCC3)cc(OC)c1OC,zink
FC(F)(I)C(F)(F)C(F)(F)C(F)(F)I,zink
CCN(Cc1cc(ccc1-c1cc(CC(O)=O)n2cccnc12)C(F)(F)F)C(=O)C1CC1,crossdocked
CCOc1ccc(-c2nonc2NC(=O)CC(C)C)cc1OCC,chembl
COc1ccc([C@@H]2CC(=O)C3=C(C2)NC(=O)C[C@@H]3c2cc([N+](=O)[O-])ccc2Cl)cc1OC,zink
CN1CC2(CC(C2)C(=O)Nc2cc3cc(ccc3cn2)-c2cncs2)C1,crossdocked
COc1ccc2[nH]c(SCC(=O)NCc3ccc4c(c3)OCO4)nc2c1,chembl
OC[C@H](O)c1cnc(C2=CCN(CC2)C(=O)Nc2ccc(c(F)c2)C(F)(F)F)c(Cl)c1,crossdocked
O=c1c(-c2cccs2)nc2cnc(N3CCNCC3)nc2n1CCc1ccccc1,chembl
CS(=O)(=O)N1CCN(CC1)[C@H]1CC[C@@H](CC1)Nc1ncnc2ccc(cc12)C#N,crossdocked
CCCCn1c(=O)[nH]c2nc([nH]c2c1=O)-c1cnn(Cc2cccc(F)c2)c1,crossdocked
c1cc(-c2ccc(Nc3nc(N4CCOCC4)nc(N4CCOCC4)n3)cc2)on1,chembl
O=C(NCCn1ccccc1=O)N[C@H]1CCCC12CCCCC2,chembl
O=C(CN(c1ccc(F)cc1)S(=O)(=O)c1ccccc1)N1CCOCC1,chembl
Cn1cc(cn1)C(=O)N1CC2(C1)CN(C2)c1cncc(c1)N1CCc2cc(Cl)ccc2C1=O,crossdocked
CN(C)C(=O)C1Cc2[nH]c(c(Nc3ccccc3)c2C(=O)C1)-c1ccnc(NC(=O)C2C[C@H]2F)c1,crossdocked
Cc1ccc(NCc2cccn2-c2nnc(N3CCC(C(=O)NC4CCCC4)CC3)s2)cc1,chembl
CN1CCC[C@@H]1CCSc1ccc(O)cc1,chembl
CCOC(=O)c1sc(N2C(=O)C(O)=C(C(=O)c3ccc(C)o3)[C@@H]2c2cccc([N+](=O)[O-])c2)nc1C,zink
O=C(COC(=O)CCC1CCCC1)NCc1ccc(Cl)cc1,chembl
CCS(=O)(=O)N1CCC(C(=O)N2CCCc3ccccc32)CC1,chembl
N#Cc1ccccc1N1CCC(Nc2nccnc2C#N)CC1,chembl
Clc1ccc(Nc2ccnc(NCc3cccnc3)n2)cc1,chembl
O=C(C1=C(O)C(=O)N(CCCN2CCOCC2)[C@@H]1c1ccc(Cl)c(Cl)c1)c1ccccc1,zink
CC1(C)CN=C(O1)c1cc(OCC(F)(F)F)c(cn1)C1CC1,crossdocked
CCOC(=O)C1=C(CSc2nc(C)cc(C)c2C#N)N(CC)C(=O)N[C@H]1c1ccccc1,zink
COc1ccc(NC(CCCN2C(=O)c3ccccc3C2=O)=C2C(=O)CC(C)(C)CC2=O)cc1,zink
COc1cc(OC)c2c(OC(=O)c3ccccc3)cc(C)nc2c1,chembl
CCCCN1C(=O)NC(c2ccccc2)(c2ccccc2)C1=O,chembl
O=C1/C(=C/c2cccc3c2CCOC3=O)Oc2cc(O)ccc21,chembl
CCOc1cc([C@H]2C(C(=O)OC)=C(C)NC3=C2C(=O)c2ccccc23)c(Br)cc1O,zink
Cc1c(nc2ccc(nn12)C#Cc1nc(cn1C)-c1ccccc1)C(F)F,crossdocked
COc1cc(/C=N/NS(=O)(=O)c2cccc([N+](=O)[O-])c2)ccc1OC/C=C/c1ccccc1,zink
COC(=O)C1=C(C)NC2=C(C(=O)CC(C)(C)C2)[C@H]1c1ccccc1I,zink
COC1CCC2(Cc3ccc(cc3C22N=C(N)N(CC3CCCO3)C2=O)C#CC2CC2)CC1,crossdocked
CCOC[C@H]1C[C@H]2[C@@H]3CCc4cc(O)ccc4[C@H]3CC[C@]2(C)C1=O,chembl
COc1ccc(-n2cnnc2SCC(=O)Nc2ccc(N3CCOCC3)cc2)cc1,chembl
Cc1ncccc1COc1cc(F)c(c(F)c1)-c1ccnc(c1)N1CCNCC1,crossdocked
O=C(Nc1cccc(NC(=O)c2cccnc2Cl)c1)c1ccco1,chembl
CCOc1cccc([C@@H]2C(C(=O)O[C@H](C)CC)=C(C)NC3=C2C(=O)[C@H](C(=O)OC)[C@H](C)C3)c1,zink
O=c1c(-c2ccccc2O)coc2cc3c(c(O)c12)OCO3,chembl
Cn1cc(cn1)C(=O)N1CCN(Cc2[nH]ncc2Oc2ccc(cc2)C#N)CC1,crossdocked
CC(C)c1cc(n[nH]1)C(=O)N1CCC(C1)NC(=O)C1(CC1)c1ccccn1,crossdocked
CC(N1C[C@H](N)[C@@H](C1)C(=O)N1CCC[C@H]1C#N)c1ccc(cc1)C#N,crossdocked
CN([C@@H]1CCN(C1)c1ncnc2[nH]ccc12)c1ccc(cn1)C(=O)N(C)c1ccc(F)cc1,crossdocked
Cc1ccc(Nc2nc(N/N=C/c3ccccc3F)nc(N3CCOCC3)n2)c(Br)c1,zink
CCOCCOC(=O)C1=C(C)NC2=C(C(=O)CC(C)(C)C2)[C@H]1c1cc(Cl)c(O)c(OC)c1,zink
CC1=C(C(=O)Nc2ccc(C)cn2)[C@H](c2cn(C)nc2C)C2=C(C[C@@H](c3ccccc3)CC2=O)N1,zink
COCCCN1C(=O)C(O)=C(C(=O)c2ccc(OC)cc2C)[C@@H]1c1cccc(Br)c1,zink
CC(C)[C@@H](NC(=O)CCC(=O)O[C@H]1CC[C@@H]2[C@H]3CCC4=CC(=O)CC[C@]4(C)[C@@H]3CC[C@]12C)C(=O)O,zink
CCCOc1ccc(C(=O)C2=C(O)C(=O)N(CCCN(C)C)[C@H]2c2ccc(OC)cc2)c(C)c1,zink
C=CCn1c(CNC(=O)c2ccc(Cl)c(Cl)c2)nnc1SCC(=O)NCc1ccccc1,zink
COC(=O)c1ccc(N2C(=O)C[C@H](S/C(=N/c3ccccc3)NCCc3ccccc3)C2=O)cc1,zink
CN(C)CCn1c2CN(Cc3n[nH]c(=O)c4cc(F)cc1c4c23)C(=O)C1CC1,crossdocked
CNCC1(O)CCN(CC1)c1nc(Oc2cccc(F)c2)cc(n1)C(F)(F)F,crossdocked
O=C1C[C@@H](c2ccc3c(c2)OCCO3)c2c(ccc3c2O/C(=C\c2ccc4c(c2)OCCO4)C3=O)O1,zink
Fc1cccc(CNC(=O)c2ccc3c(c2)[nH]c2cncc(F)c32)c1,crossdocked
CO[C@@H]1O[C@H](Cn2c(=O)n3c4c(cccc42)C(C)(C)CC3)[C@H]2OC(=O)O[C@@H]12,chembl
CCOc1cc([C@@H]2C(C(=O)c3ccc(OCC(C)C)c(C)c3)=C(O)C(=O)N2CCN(C)C)ccc1O,zink
C#CCN1C(=O)S/C(=C/c2cc(Cl)c(OCc3ccc(C(=O)O)cc3)c(OC)c2)C1=O,zink
CCn1c(nc2c(OC3CN(CC3O)C(=O)OC(C)(C)C)ncnc12)-c1cnc(C)nc1,crossdocked
CC(=O)OCc1c(B2OC(C)(C)C(C)(C)O2)cccc1-n1ncc2cc(C(C)(C)C)cc(F)c2c1=O,zink
COCCN1CCc2cc(C(=O)NCC3CC3)c(NC(C)C)nc2CC1.O=C(O)C(F)(F)F.O=C(O)C(F)(F)F,chembl
CCOC(=O)C1=C(C)NC2=C(C(=O)[C@H](C(=O)OCC)[C@@H](c3ccccc3OC)C2)[C@H]1c1cccs1,zink
COc1ccc2nc(C)c3c(C)nc(-c4cccnc4OC)n3c2n1,crossdocked
CN1C(=N)N[C@@](C)(CS1(=O)=O)c1sc(cc1F)-c1cncc(c1)-c1ncco1,crossdocked
C=CCO[C@H]1[C@H](NC(=O)CSC)c2ccccc2C12CCN(Cc1ccc(OC)cc1F)CC2,zink
Clc1ccc([C@@H]2CCCN2c2nnc(-c3ccccn3)s2)cc1,chembl
O=C1NCN(c2ccccc2)C12CCN(C1(c3ccccc3)CCCCC1)CC2,chembl
C#C[C@@]1(O)CC[C@@H]2[C@@H]3CCC4=C/C(=N/OCC(=O)N[C@H](CC(C)C)C(=O)O)CC[C@]4(C)[C@@H]3CC[C@@]21C,zink
COc1ccc(COC(=O)C2=C(C)NC3=C(C(=O)CCC3)[C@H]2c2cc3c(cc2[N+](=O)[O-])OCO3)cc1,zink
CCOC(=O)C1=C(C)NC2=C(C(=O)[C@H](C(=O)OCC)[C@H](c3ccc(OC)cc3)C2)[C@@H]1c1ccsc1,zink
NC(=O)c1cc(F)c(C2CCN(C2)C(=O)C=C)c2c3CCCCc3[nH]c12,crossdocked
COc1cc2c(cc1OC)C1CC(N)C(N3CCC(C)CC3=O)CN1CC2,chembl
CCOc1ccc(cc1C)-c1nc(c2CCO[C@H](C)Cn12)-c1cc(C)nc(C)c1,crossdocked
NC(=O)c1cnc(Nc2ccc(cc2)S(N)(=O)=O)nc1NC1CCC1,crossdocked
CC(C)Oc1ccc(cc1)S(=O)(=O)N1C[C@@H](C)[C@H](C1)n1nc(CC(O)=O)c2ccc(F)cc12,crossdocked
COc1ccc(cc1N1CCN(C)CC1)S(=O)(=O)n1ccc2c(cccc12)C#N,crossdocked
C=CCNC(=O)[C@H]1CCCN(c2cccc3c2C(=O)N(Cc2cc4ccccc4s2)C3=O)C1,zink
CSCC(=N)Nc1cccc(CN)c1,crossdocked
COc1cc([C@H]2C(C(=O)OCc3ccccc3)=C(C)NC3=C2C(=O)CCC3)cc(OC)c1OC,zink
C1C(NC2CCNCC2)C1c1ccc2ccccc2c1,crossdocked
CNc1nc(nc(-c2ccc(C#N)c(F)c2)c1C1=CC2C=NN(C)C2C=C1)N1CCC(N)CC1,crossdocked
CCOC(=O)C1=C(N)OC2=C(C(=O)CCC2)[C@@H]1c1ccc(COc2cccc(Br)c2)o1,zink
C[C@H]1CCC[C@@H](O)/C=C/C=C\[C@@H](O)/C=C/C(=O)O1,chembl
COC1CN(CCC1NCC(C)C)c1nc2ccc(C)cc2cc1-c1noc(C)n1,crossdocked
O=C(c1ccco1)c1cn(CC(=O)N2CCCCC2)c2ccccc12,chembl
COCC(=O)N1CCN(CC1)c1ccc(Nc2ncc(C(N)=O)c(NC3CC3)n2)cc1,crossdocked
COc1ccc(C(=O)C2=C(O)C(=O)N(CCCN3CCOCC3)[C@H]2c2ccc(C(C)(C)C)cc2)cc1,zink
N[C@@H](CC(=O)N1CCCN1)Cc1cc(F)c(F)cc1F,chembl
CN(C)S(=O)(=O)c1ccc(NC(=O)CN2CCC(Cc3ccccc3)CC2)cc1,chembl
CCCCCCCCCCCC/C=C/[C@@H](O)[C@@H](N)CO[P@@](=O)(O)OCC[N+](C)(C)C,zink
O=C(O)CCCN1C(=O)C(O)=C(C(=O)c2ccc(Br)cc2)[C@H]1c1ccccc1F,zink
CC1(C)OB(c2ccc([C@@H]3[C@@H](C(=O)O)c4ccccc4C(=O)N3C3CCCC3)cc2)OC1(C)C,zink
CCNc1cc(Nc2ncc(cn2)C#N)ncc1C(=O)NC[C@@H](F)C(C)(C)O,crossdocked
COc1ccccc1N1CCN(Cc2ccc(CN(Cc3ccccc3)C(C)=O)n2C)CC1,crossdocked
O=C1NC2(CC2)Cc2[nH]c3c(c21)CCc1cnc(-c2ccc(F)nc2)nc1-3,chembl
NCc1c(O)ccc(Cl)c1Cl,chembl
COc1ccc(N2C(=O)[C@@](NC(=O)c3ccccc3)(C(F)(F)F)C3=C2CC(C)(C)CC3=O)cc1,zink
CCCc1nnsc1C(=O)N1CCc2nc(NC(=O)OCC)sc2C1,chembl
COc1ccc(C2=NN(C(=O)c3ccco3)C(c3ccco3)C2)cc1OC,chembl
N#Cc1ccc(Cn2cc(NC(=O)N3CCN(C(=O)c4cc5ccccc5s4)CC3)cn2)cc1,zink
Fc1ccc2c(c1Cl)CCNCC2,chembl
COC(=O)C1=C(C)NC2=C(C(=O)[C@H](C(=O)OC)[C@@H](c3ccc(OC)cc3)C2)[C@@H]1c1ccc(Cl)cc1,zink
CN1CCN(CC(=O)Nc2cc(nc(n2)-c2ccco2)-n2cccn2)CC1,crossdocked
